split,input_file,output_file,status,message
train,00041000.raw,../io/pl_512_split/train/00041000.raw,ok,
train,00041002.raw,../io/pl_512_split/train/00041002.raw,ok,
train,00041003.raw,../io/pl_512_split/train/00041003.raw,ok,
train,00041004.raw,../io/pl_512_split/train/00041004.raw,ok,
train,00041005.raw,../io/pl_512_split/train/00041005.raw,ok,
train,00041006.raw,../io/pl_512_split/train/00041006.raw,ok,
train,00041007.raw,../io/pl_512_split/train/00041007.raw,ok,
train,00041008.raw,../io/pl_512_split/train/00041008.raw,ok,
train,00041009.raw,../io/pl_512_split/train/00041009.raw,ok,
train,00041010.raw,../io/pl_512_split/train/00041010.raw,ok,
train,00041011.raw,../io/pl_512_split/train/00041011.raw,ok,
train,00041012.raw,../io/pl_512_split/train/00041012.raw,ok,
train,00041013.raw,../io/pl_512_split/train/00041013.raw,ok,
train,00041014.raw,../io/pl_512_split/train/00041014.raw,ok,
train,00041015.raw,../io/pl_512_split/train/00041015.raw,ok,
train,00041017.raw,../io/pl_512_split/train/00041017.raw,ok,
train,00041019.raw,../io/pl_512_split/train/00041019.raw,ok,
train,00041020.raw,../io/pl_512_split/train/00041020.raw,ok,
train,00041021.raw,../io/pl_512_split/train/00041021.raw,ok,
train,00041022.raw,../io/pl_512_split/train/00041022.raw,ok,
train,00041023.raw,../io/pl_512_split/train/00041023.raw,ok,
train,00041025.raw,../io/pl_512_split/train/00041025.raw,ok,
train,00041026.raw,../io/pl_512_split/train/00041026.raw,ok,
train,00041027.raw,../io/pl_512_split/train/00041027.raw,ok,
train,00041028.raw,../io/pl_512_split/train/00041028.raw,ok,
train,00041029.raw,../io/pl_512_split/train/00041029.raw,ok,
train,00041030.raw,../io/pl_512_split/train/00041030.raw,ok,
train,00041031.raw,../io/pl_512_split/train/00041031.raw,ok,
train,00041032.raw,../io/pl_512_split/train/00041032.raw,ok,
train,00041035.raw,../io/pl_512_split/train/00041035.raw,ok,
train,00041036.raw,../io/pl_512_split/train/00041036.raw,ok,
train,00041037.raw,../io/pl_512_split/train/00041037.raw,ok,
train,00041039.raw,../io/pl_512_split/train/00041039.raw,ok,
train,00041040.raw,../io/pl_512_split/train/00041040.raw,ok,
train,00041041.raw,../io/pl_512_split/train/00041041.raw,ok,
train,00041042.raw,../io/pl_512_split/train/00041042.raw,ok,
train,00041043.raw,../io/pl_512_split/train/00041043.raw,ok,
train,00041044.raw,../io/pl_512_split/train/00041044.raw,ok,
train,00041045.raw,../io/pl_512_split/train/00041045.raw,ok,
train,00041046.raw,../io/pl_512_split/train/00041046.raw,ok,
train,00041047.raw,../io/pl_512_split/train/00041047.raw,ok,
train,00041048.raw,../io/pl_512_split/train/00041048.raw,ok,
train,00041050.raw,../io/pl_512_split/train/00041050.raw,ok,
train,00041051.raw,../io/pl_512_split/train/00041051.raw,ok,
train,00041052.raw,../io/pl_512_split/train/00041052.raw,ok,
train,00041054.raw,../io/pl_512_split/train/00041054.raw,ok,
train,00041055.raw,../io/pl_512_split/train/00041055.raw,ok,
train,00041057.raw,../io/pl_512_split/train/00041057.raw,ok,
train,00041058.raw,../io/pl_512_split/train/00041058.raw,ok,
train,00041059.raw,../io/pl_512_split/train/00041059.raw,ok,
train,00041060.raw,../io/pl_512_split/train/00041060.raw,ok,
train,00041061.raw,../io/pl_512_split/train/00041061.raw,ok,
train,00041062.raw,../io/pl_512_split/train/00041062.raw,ok,
train,00041063.raw,../io/pl_512_split/train/00041063.raw,ok,
train,00041064.raw,../io/pl_512_split/train/00041064.raw,ok,
train,00041065.raw,../io/pl_512_split/train/00041065.raw,ok,
train,00041066.raw,../io/pl_512_split/train/00041066.raw,ok,
train,00041067.raw,../io/pl_512_split/train/00041067.raw,ok,
train,00041068.raw,../io/pl_512_split/train/00041068.raw,ok,
train,00041069.raw,../io/pl_512_split/train/00041069.raw,ok,
train,00041070.raw,../io/pl_512_split/train/00041070.raw,ok,
train,00041071.raw,../io/pl_512_split/train/00041071.raw,ok,
train,00041072.raw,../io/pl_512_split/train/00041072.raw,ok,
train,00041073.raw,../io/pl_512_split/train/00041073.raw,ok,
train,00041074.raw,../io/pl_512_split/train/00041074.raw,ok,
train,00041075.raw,../io/pl_512_split/train/00041075.raw,ok,
train,00041077.raw,../io/pl_512_split/train/00041077.raw,ok,
train,00041078.raw,../io/pl_512_split/train/00041078.raw,ok,
train,00041079.raw,../io/pl_512_split/train/00041079.raw,ok,
train,00041080.raw,../io/pl_512_split/train/00041080.raw,ok,
train,00041081.raw,../io/pl_512_split/train/00041081.raw,ok,
train,00041082.raw,../io/pl_512_split/train/00041082.raw,ok,
train,00041083.raw,../io/pl_512_split/train/00041083.raw,ok,
train,00041084.raw,../io/pl_512_split/train/00041084.raw,ok,
train,00041086.raw,../io/pl_512_split/train/00041086.raw,ok,
train,00041087.raw,../io/pl_512_split/train/00041087.raw,ok,
train,00041088.raw,../io/pl_512_split/train/00041088.raw,ok,
train,00041089.raw,../io/pl_512_split/train/00041089.raw,ok,
train,00041090.raw,../io/pl_512_split/train/00041090.raw,ok,
train,00041091.raw,../io/pl_512_split/train/00041091.raw,ok,
train,00041092.raw,../io/pl_512_split/train/00041092.raw,ok,
train,00041093.raw,../io/pl_512_split/train/00041093.raw,ok,
train,00041094.raw,../io/pl_512_split/train/00041094.raw,ok,
train,00041095.raw,../io/pl_512_split/train/00041095.raw,ok,
train,00041096.raw,../io/pl_512_split/train/00041096.raw,ok,
train,00041097.raw,../io/pl_512_split/train/00041097.raw,ok,
train,00041098.raw,../io/pl_512_split/train/00041098.raw,ok,
train,00041099.raw,../io/pl_512_split/train/00041099.raw,ok,
train,00041100.raw,../io/pl_512_split/train/00041100.raw,ok,
train,00041101.raw,../io/pl_512_split/train/00041101.raw,ok,
train,00041102.raw,../io/pl_512_split/train/00041102.raw,ok,
train,00041103.raw,../io/pl_512_split/train/00041103.raw,ok,
train,00041104.raw,../io/pl_512_split/train/00041104.raw,ok,
train,00041105.raw,../io/pl_512_split/train/00041105.raw,ok,
train,00041106.raw,../io/pl_512_split/train/00041106.raw,ok,
train,00041107.raw,../io/pl_512_split/train/00041107.raw,ok,
train,00041108.raw,../io/pl_512_split/train/00041108.raw,ok,
train,00041109.raw,../io/pl_512_split/train/00041109.raw,ok,
train,00041110.raw,../io/pl_512_split/train/00041110.raw,ok,
train,00041111.raw,../io/pl_512_split/train/00041111.raw,ok,
train,00041112.raw,../io/pl_512_split/train/00041112.raw,ok,
train,00041114.raw,../io/pl_512_split/train/00041114.raw,ok,
train,00041115.raw,../io/pl_512_split/train/00041115.raw,ok,
train,00041116.raw,../io/pl_512_split/train/00041116.raw,ok,
train,00041117.raw,../io/pl_512_split/train/00041117.raw,ok,
train,00041118.raw,../io/pl_512_split/train/00041118.raw,ok,
train,00041119.raw,../io/pl_512_split/train/00041119.raw,ok,
train,00041120.raw,../io/pl_512_split/train/00041120.raw,ok,
train,00041121.raw,../io/pl_512_split/train/00041121.raw,ok,
train,00041122.raw,../io/pl_512_split/train/00041122.raw,ok,
train,00041123.raw,../io/pl_512_split/train/00041123.raw,ok,
train,00041124.raw,../io/pl_512_split/train/00041124.raw,ok,
train,00041125.raw,../io/pl_512_split/train/00041125.raw,ok,
train,00041126.raw,../io/pl_512_split/train/00041126.raw,ok,
train,00041127.raw,../io/pl_512_split/train/00041127.raw,ok,
train,00041128.raw,../io/pl_512_split/train/00041128.raw,ok,
train,00041129.raw,../io/pl_512_split/train/00041129.raw,ok,
train,00041130.raw,../io/pl_512_split/train/00041130.raw,ok,
train,00041131.raw,../io/pl_512_split/train/00041131.raw,ok,
train,00041132.raw,../io/pl_512_split/train/00041132.raw,ok,
train,00041133.raw,../io/pl_512_split/train/00041133.raw,ok,
train,00041134.raw,../io/pl_512_split/train/00041134.raw,ok,
train,00041135.raw,../io/pl_512_split/train/00041135.raw,ok,
train,00041136.raw,../io/pl_512_split/train/00041136.raw,ok,
train,00041137.raw,../io/pl_512_split/train/00041137.raw,ok,
train,00041138.raw,../io/pl_512_split/train/00041138.raw,ok,
train,00041139.raw,../io/pl_512_split/train/00041139.raw,ok,
train,00041140.raw,../io/pl_512_split/train/00041140.raw,ok,
train,00041141.raw,../io/pl_512_split/train/00041141.raw,ok,
train,00041142.raw,../io/pl_512_split/train/00041142.raw,ok,
train,00041143.raw,../io/pl_512_split/train/00041143.raw,ok,
train,00041144.raw,../io/pl_512_split/train/00041144.raw,ok,
train,00041145.raw,../io/pl_512_split/train/00041145.raw,ok,
train,00041146.raw,../io/pl_512_split/train/00041146.raw,ok,
train,00041147.raw,../io/pl_512_split/train/00041147.raw,ok,
train,00041148.raw,../io/pl_512_split/train/00041148.raw,ok,
train,00041149.raw,../io/pl_512_split/train/00041149.raw,ok,
train,00041151.raw,../io/pl_512_split/train/00041151.raw,ok,
train,00041152.raw,../io/pl_512_split/train/00041152.raw,ok,
train,00041153.raw,../io/pl_512_split/train/00041153.raw,ok,
train,00041154.raw,../io/pl_512_split/train/00041154.raw,ok,
train,00041155.raw,../io/pl_512_split/train/00041155.raw,ok,
train,00041156.raw,../io/pl_512_split/train/00041156.raw,ok,
train,00041157.raw,../io/pl_512_split/train/00041157.raw,ok,
train,00041158.raw,../io/pl_512_split/train/00041158.raw,ok,
train,00041159.raw,../io/pl_512_split/train/00041159.raw,ok,
train,00041160.raw,../io/pl_512_split/train/00041160.raw,ok,
train,00041161.raw,../io/pl_512_split/train/00041161.raw,ok,
train,00041162.raw,../io/pl_512_split/train/00041162.raw,ok,
train,00041163.raw,../io/pl_512_split/train/00041163.raw,ok,
train,00041164.raw,../io/pl_512_split/train/00041164.raw,ok,
train,00041165.raw,../io/pl_512_split/train/00041165.raw,ok,
train,00041166.raw,../io/pl_512_split/train/00041166.raw,ok,
train,00041167.raw,../io/pl_512_split/train/00041167.raw,ok,
train,00041168.raw,../io/pl_512_split/train/00041168.raw,ok,
train,00041169.raw,../io/pl_512_split/train/00041169.raw,ok,
train,00041170.raw,../io/pl_512_split/train/00041170.raw,ok,
train,00041171.raw,../io/pl_512_split/train/00041171.raw,ok,
train,00041172.raw,../io/pl_512_split/train/00041172.raw,ok,
train,00041173.raw,../io/pl_512_split/train/00041173.raw,ok,
train,00041175.raw,../io/pl_512_split/train/00041175.raw,ok,
train,00041176.raw,../io/pl_512_split/train/00041176.raw,ok,
train,00041178.raw,../io/pl_512_split/train/00041178.raw,ok,
train,00041179.raw,../io/pl_512_split/train/00041179.raw,ok,
train,00041180.raw,../io/pl_512_split/train/00041180.raw,ok,
train,00041181.raw,../io/pl_512_split/train/00041181.raw,ok,
train,00041182.raw,../io/pl_512_split/train/00041182.raw,ok,
train,00041183.raw,../io/pl_512_split/train/00041183.raw,ok,
train,00041186.raw,../io/pl_512_split/train/00041186.raw,ok,
train,00041187.raw,../io/pl_512_split/train/00041187.raw,ok,
train,00041188.raw,../io/pl_512_split/train/00041188.raw,ok,
train,00041190.raw,../io/pl_512_split/train/00041190.raw,ok,
train,00041191.raw,../io/pl_512_split/train/00041191.raw,ok,
train,00041192.raw,../io/pl_512_split/train/00041192.raw,ok,
train,00041193.raw,../io/pl_512_split/train/00041193.raw,ok,
train,00041194.raw,../io/pl_512_split/train/00041194.raw,ok,
train,00041195.raw,../io/pl_512_split/train/00041195.raw,ok,
train,00041196.raw,../io/pl_512_split/train/00041196.raw,ok,
train,00041197.raw,../io/pl_512_split/train/00041197.raw,ok,
train,00041198.raw,../io/pl_512_split/train/00041198.raw,ok,
train,00041199.raw,../io/pl_512_split/train/00041199.raw,ok,
train,13000001.raw,../io/pl_512_split/train/13000001.raw,ok,
train,13000003.raw,../io/pl_512_split/train/13000003.raw,ok,
train,13000004.raw,../io/pl_512_split/train/13000004.raw,ok,
train,13000005.raw,../io/pl_512_split/train/13000005.raw,ok,
train,13000006.raw,../io/pl_512_split/train/13000006.raw,ok,
train,13000007.raw,../io/pl_512_split/train/13000007.raw,ok,
train,13000008.raw,../io/pl_512_split/train/13000008.raw,ok,
train,13000009.raw,../io/pl_512_split/train/13000009.raw,ok,
train,13000011.raw,../io/pl_512_split/train/13000011.raw,ok,
train,13000012.raw,../io/pl_512_split/train/13000012.raw,ok,
train,13000013.raw,../io/pl_512_split/train/13000013.raw,ok,
train,13000014.raw,../io/pl_512_split/train/13000014.raw,ok,
train,13000015.raw,../io/pl_512_split/train/13000015.raw,ok,
train,13000016.raw,../io/pl_512_split/train/13000016.raw,ok,
train,13000017.raw,../io/pl_512_split/train/13000017.raw,ok,
train,13000018.raw,../io/pl_512_split/train/13000018.raw,ok,
train,13000019.raw,../io/pl_512_split/train/13000019.raw,ok,
train,13000020.raw,../io/pl_512_split/train/13000020.raw,ok,
train,13000022.raw,../io/pl_512_split/train/13000022.raw,ok,
train,13000023.raw,../io/pl_512_split/train/13000023.raw,ok,
train,13000024.raw,../io/pl_512_split/train/13000024.raw,ok,
train,13000025.raw,../io/pl_512_split/train/13000025.raw,ok,
train,13000026.raw,../io/pl_512_split/train/13000026.raw,ok,
train,13000027.raw,../io/pl_512_split/train/13000027.raw,ok,
train,13000028.raw,../io/pl_512_split/train/13000028.raw,ok,
train,13000029.raw,../io/pl_512_split/train/13000029.raw,ok,
train,13000030.raw,../io/pl_512_split/train/13000030.raw,ok,
train,13000031.raw,../io/pl_512_split/train/13000031.raw,ok,
train,13000032.raw,../io/pl_512_split/train/13000032.raw,ok,
train,13000033.raw,../io/pl_512_split/train/13000033.raw,ok,
train,13000034.raw,../io/pl_512_split/train/13000034.raw,ok,
train,13000035.raw,../io/pl_512_split/train/13000035.raw,ok,
train,13000036.raw,../io/pl_512_split/train/13000036.raw,ok,
train,13000037.raw,../io/pl_512_split/train/13000037.raw,ok,
train,13000038.raw,../io/pl_512_split/train/13000038.raw,ok,
train,13000039.raw,../io/pl_512_split/train/13000039.raw,ok,
train,13000040.raw,../io/pl_512_split/train/13000040.raw,ok,
train,13000041.raw,../io/pl_512_split/train/13000041.raw,ok,
train,13000042.raw,../io/pl_512_split/train/13000042.raw,ok,
train,13000043.raw,../io/pl_512_split/train/13000043.raw,ok,
train,13000044.raw,../io/pl_512_split/train/13000044.raw,ok,
train,13000045.raw,../io/pl_512_split/train/13000045.raw,ok,
train,13000046.raw,../io/pl_512_split/train/13000046.raw,ok,
train,13000048.raw,../io/pl_512_split/train/13000048.raw,ok,
train,13000049.raw,../io/pl_512_split/train/13000049.raw,ok,
train,13000050.raw,../io/pl_512_split/train/13000050.raw,ok,
train,13000051.raw,../io/pl_512_split/train/13000051.raw,ok,
train,13000052.raw,../io/pl_512_split/train/13000052.raw,ok,
train,13000053.raw,../io/pl_512_split/train/13000053.raw,ok,
train,13000054.raw,../io/pl_512_split/train/13000054.raw,ok,
train,13000055.raw,../io/pl_512_split/train/13000055.raw,ok,
train,13000056.raw,../io/pl_512_split/train/13000056.raw,ok,
train,13000057.raw,../io/pl_512_split/train/13000057.raw,ok,
train,13000058.raw,../io/pl_512_split/train/13000058.raw,ok,
train,13000059.raw,../io/pl_512_split/train/13000059.raw,ok,
train,13000060.raw,../io/pl_512_split/train/13000060.raw,ok,
train,13000061.raw,../io/pl_512_split/train/13000061.raw,ok,
train,13000062.raw,../io/pl_512_split/train/13000062.raw,ok,
train,13000063.raw,../io/pl_512_split/train/13000063.raw,ok,
train,13000065.raw,../io/pl_512_split/train/13000065.raw,ok,
train,13000066.raw,../io/pl_512_split/train/13000066.raw,ok,
train,13000067.raw,../io/pl_512_split/train/13000067.raw,ok,
train,13000068.raw,../io/pl_512_split/train/13000068.raw,ok,
train,13000069.raw,../io/pl_512_split/train/13000069.raw,ok,
train,13000070.raw,../io/pl_512_split/train/13000070.raw,ok,
train,13000071.raw,../io/pl_512_split/train/13000071.raw,ok,
train,13000072.raw,../io/pl_512_split/train/13000072.raw,ok,
train,13000073.raw,../io/pl_512_split/train/13000073.raw,ok,
train,13000074.raw,../io/pl_512_split/train/13000074.raw,ok,
train,13000075.raw,../io/pl_512_split/train/13000075.raw,ok,
train,13000076.raw,../io/pl_512_split/train/13000076.raw,ok,
train,13000077.raw,../io/pl_512_split/train/13000077.raw,ok,
train,13000078.raw,../io/pl_512_split/train/13000078.raw,ok,
train,13000079.raw,../io/pl_512_split/train/13000079.raw,ok,
train,13000080.raw,../io/pl_512_split/train/13000080.raw,ok,
train,13000081.raw,../io/pl_512_split/train/13000081.raw,ok,
train,13000082.raw,../io/pl_512_split/train/13000082.raw,ok,
train,13000083.raw,../io/pl_512_split/train/13000083.raw,ok,
train,13000084.raw,../io/pl_512_split/train/13000084.raw,ok,
train,13000085.raw,../io/pl_512_split/train/13000085.raw,ok,
train,13000086.raw,../io/pl_512_split/train/13000086.raw,ok,
train,13000087.raw,../io/pl_512_split/train/13000087.raw,ok,
train,13000088.raw,../io/pl_512_split/train/13000088.raw,ok,
train,13000089.raw,../io/pl_512_split/train/13000089.raw,ok,
train,13000091.raw,../io/pl_512_split/train/13000091.raw,ok,
train,13000092.raw,../io/pl_512_split/train/13000092.raw,ok,
train,13000094.raw,../io/pl_512_split/train/13000094.raw,ok,
train,13000095.raw,../io/pl_512_split/train/13000095.raw,ok,
train,13000096.raw,../io/pl_512_split/train/13000096.raw,ok,
train,13000097.raw,../io/pl_512_split/train/13000097.raw,ok,
train,13000100.raw,../io/pl_512_split/train/13000100.raw,ok,
train,13000101.raw,../io/pl_512_split/train/13000101.raw,ok,
train,13000102.raw,../io/pl_512_split/train/13000102.raw,ok,
train,13000103.raw,../io/pl_512_split/train/13000103.raw,ok,
train,13000104.raw,../io/pl_512_split/train/13000104.raw,ok,
train,13000105.raw,../io/pl_512_split/train/13000105.raw,ok,
train,13000106.raw,../io/pl_512_split/train/13000106.raw,ok,
train,13000107.raw,../io/pl_512_split/train/13000107.raw,ok,
train,13000108.raw,../io/pl_512_split/train/13000108.raw,ok,
train,13000109.raw,../io/pl_512_split/train/13000109.raw,ok,
train,13000110.raw,../io/pl_512_split/train/13000110.raw,ok,
train,13000111.raw,../io/pl_512_split/train/13000111.raw,ok,
train,13000112.raw,../io/pl_512_split/train/13000112.raw,ok,
train,13000113.raw,../io/pl_512_split/train/13000113.raw,ok,
train,13000114.raw,../io/pl_512_split/train/13000114.raw,ok,
train,13000115.raw,../io/pl_512_split/train/13000115.raw,ok,
train,13000116.raw,../io/pl_512_split/train/13000116.raw,ok,
train,13000117.raw,../io/pl_512_split/train/13000117.raw,ok,
train,13000118.raw,../io/pl_512_split/train/13000118.raw,ok,
train,13000119.raw,../io/pl_512_split/train/13000119.raw,ok,
train,13000120.raw,../io/pl_512_split/train/13000120.raw,ok,
train,13000121.raw,../io/pl_512_split/train/13000121.raw,ok,
train,13000122.raw,../io/pl_512_split/train/13000122.raw,ok,
train,13000123.raw,../io/pl_512_split/train/13000123.raw,ok,
train,13000124.raw,../io/pl_512_split/train/13000124.raw,ok,
train,13000125.raw,../io/pl_512_split/train/13000125.raw,ok,
train,13000126.raw,../io/pl_512_split/train/13000126.raw,ok,
train,13000127.raw,../io/pl_512_split/train/13000127.raw,ok,
train,13000128.raw,../io/pl_512_split/train/13000128.raw,ok,
train,13000129.raw,../io/pl_512_split/train/13000129.raw,ok,
train,13000130.raw,../io/pl_512_split/train/13000130.raw,ok,
train,13000131.raw,../io/pl_512_split/train/13000131.raw,ok,
train,13000132.raw,../io/pl_512_split/train/13000132.raw,ok,
train,13000133.raw,../io/pl_512_split/train/13000133.raw,ok,
train,13000135.raw,../io/pl_512_split/train/13000135.raw,ok,
train,13000137.raw,../io/pl_512_split/train/13000137.raw,ok,
train,13000138.raw,../io/pl_512_split/train/13000138.raw,ok,
train,13000139.raw,../io/pl_512_split/train/13000139.raw,ok,
train,13000140.raw,../io/pl_512_split/train/13000140.raw,ok,
train,13000141.raw,../io/pl_512_split/train/13000141.raw,ok,
train,13000142.raw,../io/pl_512_split/train/13000142.raw,ok,
train,13000143.raw,../io/pl_512_split/train/13000143.raw,ok,
train,13000144.raw,../io/pl_512_split/train/13000144.raw,ok,
train,13000145.raw,../io/pl_512_split/train/13000145.raw,ok,
train,13000146.raw,../io/pl_512_split/train/13000146.raw,ok,
train,13000147.raw,../io/pl_512_split/train/13000147.raw,ok,
train,13000148.raw,../io/pl_512_split/train/13000148.raw,ok,
train,13000149.raw,../io/pl_512_split/train/13000149.raw,ok,
train,13000151.raw,../io/pl_512_split/train/13000151.raw,ok,
train,13000152.raw,../io/pl_512_split/train/13000152.raw,ok,
train,13000153.raw,../io/pl_512_split/train/13000153.raw,ok,
train,13000155.raw,../io/pl_512_split/train/13000155.raw,ok,
train,13000156.raw,../io/pl_512_split/train/13000156.raw,ok,
train,13000157.raw,../io/pl_512_split/train/13000157.raw,ok,
train,13000158.raw,../io/pl_512_split/train/13000158.raw,ok,
train,13000159.raw,../io/pl_512_split/train/13000159.raw,ok,
train,13000160.raw,../io/pl_512_split/train/13000160.raw,ok,
train,13000161.raw,../io/pl_512_split/train/13000161.raw,ok,
train,13000162.raw,../io/pl_512_split/train/13000162.raw,ok,
train,13000163.raw,../io/pl_512_split/train/13000163.raw,ok,
train,13000166.raw,../io/pl_512_split/train/13000166.raw,ok,
train,13000167.raw,../io/pl_512_split/train/13000167.raw,ok,
train,13000168.raw,../io/pl_512_split/train/13000168.raw,ok,
train,13000170.raw,../io/pl_512_split/train/13000170.raw,ok,
train,13000171.raw,../io/pl_512_split/train/13000171.raw,ok,
train,13000172.raw,../io/pl_512_split/train/13000172.raw,ok,
train,13000173.raw,../io/pl_512_split/train/13000173.raw,ok,
train,13000174.raw,../io/pl_512_split/train/13000174.raw,ok,
train,13000175.raw,../io/pl_512_split/train/13000175.raw,ok,
train,13000176.raw,../io/pl_512_split/train/13000176.raw,ok,
train,13000177.raw,../io/pl_512_split/train/13000177.raw,ok,
train,13000178.raw,../io/pl_512_split/train/13000178.raw,ok,
train,13000179.raw,../io/pl_512_split/train/13000179.raw,ok,
train,13000180.raw,../io/pl_512_split/train/13000180.raw,ok,
train,13000181.raw,../io/pl_512_split/train/13000181.raw,ok,
train,13000182.raw,../io/pl_512_split/train/13000182.raw,ok,
train,13000183.raw,../io/pl_512_split/train/13000183.raw,ok,
train,13000184.raw,../io/pl_512_split/train/13000184.raw,ok,
train,13000185.raw,../io/pl_512_split/train/13000185.raw,ok,
train,13000187.raw,../io/pl_512_split/train/13000187.raw,ok,
train,13000188.raw,../io/pl_512_split/train/13000188.raw,ok,
train,13000189.raw,../io/pl_512_split/train/13000189.raw,ok,
train,13000190.raw,../io/pl_512_split/train/13000190.raw,ok,
train,13000191.raw,../io/pl_512_split/train/13000191.raw,ok,
train,13000192.raw,../io/pl_512_split/train/13000192.raw,ok,
train,13000193.raw,../io/pl_512_split/train/13000193.raw,ok,
train,13000194.raw,../io/pl_512_split/train/13000194.raw,ok,
train,13000195.raw,../io/pl_512_split/train/13000195.raw,ok,
train,13000196.raw,../io/pl_512_split/train/13000196.raw,ok,
train,13000197.raw,../io/pl_512_split/train/13000197.raw,ok,
train,20085001.raw,../io/pl_512_split/train/20085001.raw,ok,
train,20085002.raw,../io/pl_512_split/train/20085002.raw,ok,
train,20085003.raw,../io/pl_512_split/train/20085003.raw,ok,
train,20085004.raw,../io/pl_512_split/train/20085004.raw,ok,
train,20085005.raw,../io/pl_512_split/train/20085005.raw,ok,
train,20085006.raw,../io/pl_512_split/train/20085006.raw,ok,
train,20085007.raw,../io/pl_512_split/train/20085007.raw,ok,
train,20085008.raw,../io/pl_512_split/train/20085008.raw,ok,
train,20085009.raw,../io/pl_512_split/train/20085009.raw,ok,
train,20085010.raw,../io/pl_512_split/train/20085010.raw,ok,
train,20085011.raw,../io/pl_512_split/train/20085011.raw,ok,
train,20085012.raw,../io/pl_512_split/train/20085012.raw,ok,
train,20085013.raw,../io/pl_512_split/train/20085013.raw,ok,
train,20085014.raw,../io/pl_512_split/train/20085014.raw,ok,
train,20085015.raw,../io/pl_512_split/train/20085015.raw,ok,
train,20085017.raw,../io/pl_512_split/train/20085017.raw,ok,
train,20085018.raw,../io/pl_512_split/train/20085018.raw,ok,
train,20085019.raw,../io/pl_512_split/train/20085019.raw,ok,
train,20085021.raw,../io/pl_512_split/train/20085021.raw,ok,
train,20085022.raw,../io/pl_512_split/train/20085022.raw,ok,
train,20085023.raw,../io/pl_512_split/train/20085023.raw,ok,
train,20085024.raw,../io/pl_512_split/train/20085024.raw,ok,
train,20085025.raw,../io/pl_512_split/train/20085025.raw,ok,
train,20085027.raw,../io/pl_512_split/train/20085027.raw,ok,
train,20085029.raw,../io/pl_512_split/train/20085029.raw,ok,
train,20085031.raw,../io/pl_512_split/train/20085031.raw,ok,
train,20085032.raw,../io/pl_512_split/train/20085032.raw,ok,
train,20085033.raw,../io/pl_512_split/train/20085033.raw,ok,
train,20085034.raw,../io/pl_512_split/train/20085034.raw,ok,
train,20085035.raw,../io/pl_512_split/train/20085035.raw,ok,
train,20085036.raw,../io/pl_512_split/train/20085036.raw,ok,
train,20085037.raw,../io/pl_512_split/train/20085037.raw,ok,
train,20085038.raw,../io/pl_512_split/train/20085038.raw,ok,
train,20085039.raw,../io/pl_512_split/train/20085039.raw,ok,
train,20085040.raw,../io/pl_512_split/train/20085040.raw,ok,
train,20085041.raw,../io/pl_512_split/train/20085041.raw,ok,
train,20085042.raw,../io/pl_512_split/train/20085042.raw,ok,
train,20085043.raw,../io/pl_512_split/train/20085043.raw,ok,
train,20085044.raw,../io/pl_512_split/train/20085044.raw,ok,
train,20085045.raw,../io/pl_512_split/train/20085045.raw,ok,
train,20085046.raw,../io/pl_512_split/train/20085046.raw,ok,
train,20085047.raw,../io/pl_512_split/train/20085047.raw,ok,
train,20085048.raw,../io/pl_512_split/train/20085048.raw,ok,
train,20085049.raw,../io/pl_512_split/train/20085049.raw,ok,
train,20085050.raw,../io/pl_512_split/train/20085050.raw,ok,
train,20085051.raw,../io/pl_512_split/train/20085051.raw,ok,
train,20085053.raw,../io/pl_512_split/train/20085053.raw,ok,
train,20085054.raw,../io/pl_512_split/train/20085054.raw,ok,
train,20085055.raw,../io/pl_512_split/train/20085055.raw,ok,
train,20085056.raw,../io/pl_512_split/train/20085056.raw,ok,
train,20085057.raw,../io/pl_512_split/train/20085057.raw,ok,
train,20085058.raw,../io/pl_512_split/train/20085058.raw,ok,
train,20085059.raw,../io/pl_512_split/train/20085059.raw,ok,
train,20085060.raw,../io/pl_512_split/train/20085060.raw,ok,
train,20085061.raw,../io/pl_512_split/train/20085061.raw,ok,
train,20085062.raw,../io/pl_512_split/train/20085062.raw,ok,
train,20085063.raw,../io/pl_512_split/train/20085063.raw,ok,
train,20085064.raw,../io/pl_512_split/train/20085064.raw,ok,
train,20085065.raw,../io/pl_512_split/train/20085065.raw,ok,
train,20085066.raw,../io/pl_512_split/train/20085066.raw,ok,
train,20085067.raw,../io/pl_512_split/train/20085067.raw,ok,
train,20085070.raw,../io/pl_512_split/train/20085070.raw,ok,
train,20085071.raw,../io/pl_512_split/train/20085071.raw,ok,
train,20085072.raw,../io/pl_512_split/train/20085072.raw,ok,
train,20085073.raw,../io/pl_512_split/train/20085073.raw,ok,
train,20085074.raw,../io/pl_512_split/train/20085074.raw,ok,
train,20085075.raw,../io/pl_512_split/train/20085075.raw,ok,
train,20085076.raw,../io/pl_512_split/train/20085076.raw,ok,
train,20085077.raw,../io/pl_512_split/train/20085077.raw,ok,
train,20085079.raw,../io/pl_512_split/train/20085079.raw,ok,
train,20085080.raw,../io/pl_512_split/train/20085080.raw,ok,
train,20085081.raw,../io/pl_512_split/train/20085081.raw,ok,
train,20085082.raw,../io/pl_512_split/train/20085082.raw,ok,
train,20085083.raw,../io/pl_512_split/train/20085083.raw,ok,
train,20085084.raw,../io/pl_512_split/train/20085084.raw,ok,
train,20085086.raw,../io/pl_512_split/train/20085086.raw,ok,
train,20085087.raw,../io/pl_512_split/train/20085087.raw,ok,
train,20085088.raw,../io/pl_512_split/train/20085088.raw,ok,
train,20085089.raw,../io/pl_512_split/train/20085089.raw,ok,
train,20085090.raw,../io/pl_512_split/train/20085090.raw,ok,
train,20085091.raw,../io/pl_512_split/train/20085091.raw,ok,
train,20085092.raw,../io/pl_512_split/train/20085092.raw,ok,
train,20085093.raw,../io/pl_512_split/train/20085093.raw,ok,
train,20085094.raw,../io/pl_512_split/train/20085094.raw,ok,
train,20085096.raw,../io/pl_512_split/train/20085096.raw,ok,
train,20085097.raw,../io/pl_512_split/train/20085097.raw,ok,
train,20085099.raw,../io/pl_512_split/train/20085099.raw,ok,
train,20085100.raw,../io/pl_512_split/train/20085100.raw,ok,
train,20085101.raw,../io/pl_512_split/train/20085101.raw,ok,
train,20085102.raw,../io/pl_512_split/train/20085102.raw,ok,
train,20085104.raw,../io/pl_512_split/train/20085104.raw,ok,
train,20085105.raw,../io/pl_512_split/train/20085105.raw,ok,
train,20085106.raw,../io/pl_512_split/train/20085106.raw,ok,
train,20085107.raw,../io/pl_512_split/train/20085107.raw,ok,
train,20085111.raw,../io/pl_512_split/train/20085111.raw,ok,
train,20085112.raw,../io/pl_512_split/train/20085112.raw,ok,
train,20085113.raw,../io/pl_512_split/train/20085113.raw,ok,
train,20085114.raw,../io/pl_512_split/train/20085114.raw,ok,
train,20085115.raw,../io/pl_512_split/train/20085115.raw,ok,
train,20085116.raw,../io/pl_512_split/train/20085116.raw,ok,
train,20085117.raw,../io/pl_512_split/train/20085117.raw,ok,
train,20085118.raw,../io/pl_512_split/train/20085118.raw,ok,
train,20085119.raw,../io/pl_512_split/train/20085119.raw,ok,
train,20085120.raw,../io/pl_512_split/train/20085120.raw,ok,
train,20085121.raw,../io/pl_512_split/train/20085121.raw,ok,
train,20085122.raw,../io/pl_512_split/train/20085122.raw,ok,
train,20085123.raw,../io/pl_512_split/train/20085123.raw,ok,
train,20085124.raw,../io/pl_512_split/train/20085124.raw,ok,
train,20085126.raw,../io/pl_512_split/train/20085126.raw,ok,
train,20085127.raw,../io/pl_512_split/train/20085127.raw,ok,
train,20085128.raw,../io/pl_512_split/train/20085128.raw,ok,
train,20085129.raw,../io/pl_512_split/train/20085129.raw,ok,
train,20085131.raw,../io/pl_512_split/train/20085131.raw,ok,
train,20085132.raw,../io/pl_512_split/train/20085132.raw,ok,
train,20085133.raw,../io/pl_512_split/train/20085133.raw,ok,
train,20085134.raw,../io/pl_512_split/train/20085134.raw,ok,
train,20085135.raw,../io/pl_512_split/train/20085135.raw,ok,
train,20085136.raw,../io/pl_512_split/train/20085136.raw,ok,
train,20085137.raw,../io/pl_512_split/train/20085137.raw,ok,
train,20085138.raw,../io/pl_512_split/train/20085138.raw,ok,
train,20085139.raw,../io/pl_512_split/train/20085139.raw,ok,
train,20085141.raw,../io/pl_512_split/train/20085141.raw,ok,
train,20085142.raw,../io/pl_512_split/train/20085142.raw,ok,
train,20085143.raw,../io/pl_512_split/train/20085143.raw,ok,
train,20085144.raw,../io/pl_512_split/train/20085144.raw,ok,
train,20085145.raw,../io/pl_512_split/train/20085145.raw,ok,
train,20085146.raw,../io/pl_512_split/train/20085146.raw,ok,
train,20085147.raw,../io/pl_512_split/train/20085147.raw,ok,
train,20085148.raw,../io/pl_512_split/train/20085148.raw,ok,
train,20085149.raw,../io/pl_512_split/train/20085149.raw,ok,
train,20085150.raw,../io/pl_512_split/train/20085150.raw,ok,
train,20085151.raw,../io/pl_512_split/train/20085151.raw,ok,
train,20085152.raw,../io/pl_512_split/train/20085152.raw,ok,
train,20085153.raw,../io/pl_512_split/train/20085153.raw,ok,
train,20085154.raw,../io/pl_512_split/train/20085154.raw,ok,
train,20085155.raw,../io/pl_512_split/train/20085155.raw,ok,
train,20085157.raw,../io/pl_512_split/train/20085157.raw,ok,
train,20085158.raw,../io/pl_512_split/train/20085158.raw,ok,
train,20085159.raw,../io/pl_512_split/train/20085159.raw,ok,
train,20085160.raw,../io/pl_512_split/train/20085160.raw,ok,
train,20085161.raw,../io/pl_512_split/train/20085161.raw,ok,
train,20085162.raw,../io/pl_512_split/train/20085162.raw,ok,
train,20085163.raw,../io/pl_512_split/train/20085163.raw,ok,
train,20085164.raw,../io/pl_512_split/train/20085164.raw,ok,
train,20085165.raw,../io/pl_512_split/train/20085165.raw,ok,
train,20085166.raw,../io/pl_512_split/train/20085166.raw,ok,
train,20085167.raw,../io/pl_512_split/train/20085167.raw,ok,
train,20085168.raw,../io/pl_512_split/train/20085168.raw,ok,
train,20085169.raw,../io/pl_512_split/train/20085169.raw,ok,
train,20085170.raw,../io/pl_512_split/train/20085170.raw,ok,
train,20085171.raw,../io/pl_512_split/train/20085171.raw,ok,
train,20085172.raw,../io/pl_512_split/train/20085172.raw,ok,
train,20085173.raw,../io/pl_512_split/train/20085173.raw,ok,
train,20085174.raw,../io/pl_512_split/train/20085174.raw,ok,
train,20085175.raw,../io/pl_512_split/train/20085175.raw,ok,
train,20085176.raw,../io/pl_512_split/train/20085176.raw,ok,
train,20085177.raw,../io/pl_512_split/train/20085177.raw,ok,
train,20085178.raw,../io/pl_512_split/train/20085178.raw,ok,
train,20085179.raw,../io/pl_512_split/train/20085179.raw,ok,
train,20085180.raw,../io/pl_512_split/train/20085180.raw,ok,
train,20085181.raw,../io/pl_512_split/train/20085181.raw,ok,
train,20085182.raw,../io/pl_512_split/train/20085182.raw,ok,
train,20085184.raw,../io/pl_512_split/train/20085184.raw,ok,
train,20085185.raw,../io/pl_512_split/train/20085185.raw,ok,
train,20085186.raw,../io/pl_512_split/train/20085186.raw,ok,
train,20085187.raw,../io/pl_512_split/train/20085187.raw,ok,
train,20085189.raw,../io/pl_512_split/train/20085189.raw,ok,
train,20085190.raw,../io/pl_512_split/train/20085190.raw,ok,
train,20085192.raw,../io/pl_512_split/train/20085192.raw,ok,
train,20085193.raw,../io/pl_512_split/train/20085193.raw,ok,
train,20085194.raw,../io/pl_512_split/train/20085194.raw,ok,
train,20085195.raw,../io/pl_512_split/train/20085195.raw,ok,
train,20085196.raw,../io/pl_512_split/train/20085196.raw,ok,
train,20085197.raw,../io/pl_512_split/train/20085197.raw,ok,
train,20085199.raw,../io/pl_512_split/train/20085199.raw,ok,
train,20085200.raw,../io/pl_512_split/train/20085200.raw,ok,
train,20085201.raw,../io/pl_512_split/train/20085201.raw,ok,
train,20085202.raw,../io/pl_512_split/train/20085202.raw,ok,
train,20085203.raw,../io/pl_512_split/train/20085203.raw,ok,
train,20085204.raw,../io/pl_512_split/train/20085204.raw,ok,
train,20085205.raw,../io/pl_512_split/train/20085205.raw,ok,
train,20085206.raw,../io/pl_512_split/train/20085206.raw,ok,
train,20085207.raw,../io/pl_512_split/train/20085207.raw,ok,
train,20085208.raw,../io/pl_512_split/train/20085208.raw,ok,
train,20085210.raw,../io/pl_512_split/train/20085210.raw,ok,
train,20085211.raw,../io/pl_512_split/train/20085211.raw,ok,
train,20085212.raw,../io/pl_512_split/train/20085212.raw,ok,
train,20085213.raw,../io/pl_512_split/train/20085213.raw,ok,
train,20085214.raw,../io/pl_512_split/train/20085214.raw,ok,
train,20085215.raw,../io/pl_512_split/train/20085215.raw,ok,
train,20085218.raw,../io/pl_512_split/train/20085218.raw,ok,
train,20085219.raw,../io/pl_512_split/train/20085219.raw,ok,
train,20085220.raw,../io/pl_512_split/train/20085220.raw,ok,
train,20085221.raw,../io/pl_512_split/train/20085221.raw,ok,
train,20085222.raw,../io/pl_512_split/train/20085222.raw,ok,
train,20085223.raw,../io/pl_512_split/train/20085223.raw,ok,
train,20085225.raw,../io/pl_512_split/train/20085225.raw,ok,
train,20085226.raw,../io/pl_512_split/train/20085226.raw,ok,
train,20085227.raw,../io/pl_512_split/train/20085227.raw,ok,
train,20085228.raw,../io/pl_512_split/train/20085228.raw,ok,
train,20085229.raw,../io/pl_512_split/train/20085229.raw,ok,
train,20085230.raw,../io/pl_512_split/train/20085230.raw,ok,
train,20085231.raw,../io/pl_512_split/train/20085231.raw,ok,
train,20085233.raw,../io/pl_512_split/train/20085233.raw,ok,
train,20085234.raw,../io/pl_512_split/train/20085234.raw,ok,
train,20085235.raw,../io/pl_512_split/train/20085235.raw,ok,
train,20085236.raw,../io/pl_512_split/train/20085236.raw,ok,
train,20085237.raw,../io/pl_512_split/train/20085237.raw,ok,
train,20085238.raw,../io/pl_512_split/train/20085238.raw,ok,
train,20085239.raw,../io/pl_512_split/train/20085239.raw,ok,
train,20085241.raw,../io/pl_512_split/train/20085241.raw,ok,
train,20085242.raw,../io/pl_512_split/train/20085242.raw,ok,
train,20085243.raw,../io/pl_512_split/train/20085243.raw,ok,
train,20085244.raw,../io/pl_512_split/train/20085244.raw,ok,
train,20085245.raw,../io/pl_512_split/train/20085245.raw,ok,
train,20085246.raw,../io/pl_512_split/train/20085246.raw,ok,
train,20085247.raw,../io/pl_512_split/train/20085247.raw,ok,
train,20085248.raw,../io/pl_512_split/train/20085248.raw,ok,
train,20085249.raw,../io/pl_512_split/train/20085249.raw,ok,
train,20085250.raw,../io/pl_512_split/train/20085250.raw,ok,
train,20085251.raw,../io/pl_512_split/train/20085251.raw,ok,
train,20085252.raw,../io/pl_512_split/train/20085252.raw,ok,
train,20085253.raw,../io/pl_512_split/train/20085253.raw,ok,
train,20085254.raw,../io/pl_512_split/train/20085254.raw,ok,
train,20085255.raw,../io/pl_512_split/train/20085255.raw,ok,
train,20085256.raw,../io/pl_512_split/train/20085256.raw,ok,
train,20085257.raw,../io/pl_512_split/train/20085257.raw,ok,
train,20085258.raw,../io/pl_512_split/train/20085258.raw,ok,
train,20085259.raw,../io/pl_512_split/train/20085259.raw,ok,
train,20085260.raw,../io/pl_512_split/train/20085260.raw,ok,
train,20085261.raw,../io/pl_512_split/train/20085261.raw,ok,
train,20085262.raw,../io/pl_512_split/train/20085262.raw,ok,
train,20085263.raw,../io/pl_512_split/train/20085263.raw,ok,
train,20085264.raw,../io/pl_512_split/train/20085264.raw,ok,
train,20085265.raw,../io/pl_512_split/train/20085265.raw,ok,
train,20085266.raw,../io/pl_512_split/train/20085266.raw,ok,
train,20085267.raw,../io/pl_512_split/train/20085267.raw,ok,
train,20085269.raw,../io/pl_512_split/train/20085269.raw,ok,
train,20085270.raw,../io/pl_512_split/train/20085270.raw,ok,
train,20085271.raw,../io/pl_512_split/train/20085271.raw,ok,
train,20085272.raw,../io/pl_512_split/train/20085272.raw,ok,
train,20085273.raw,../io/pl_512_split/train/20085273.raw,ok,
train,20085274.raw,../io/pl_512_split/train/20085274.raw,ok,
train,20085275.raw,../io/pl_512_split/train/20085275.raw,ok,
train,20085276.raw,../io/pl_512_split/train/20085276.raw,ok,
train,20085277.raw,../io/pl_512_split/train/20085277.raw,ok,
train,20085278.raw,../io/pl_512_split/train/20085278.raw,ok,
train,20085279.raw,../io/pl_512_split/train/20085279.raw,ok,
train,20085280.raw,../io/pl_512_split/train/20085280.raw,ok,
train,20085281.raw,../io/pl_512_split/train/20085281.raw,ok,
train,20085282.raw,../io/pl_512_split/train/20085282.raw,ok,
train,20085283.raw,../io/pl_512_split/train/20085283.raw,ok,
train,20085285.raw,../io/pl_512_split/train/20085285.raw,ok,
train,20085286.raw,../io/pl_512_split/train/20085286.raw,ok,
train,20085287.raw,../io/pl_512_split/train/20085287.raw,ok,
train,20085288.raw,../io/pl_512_split/train/20085288.raw,ok,
train,20085289.raw,../io/pl_512_split/train/20085289.raw,ok,
train,20085290.raw,../io/pl_512_split/train/20085290.raw,ok,
train,44000062.raw,../io/pl_512_split/train/44000062.raw,ok,
train,44000063.raw,../io/pl_512_split/train/44000063.raw,ok,
train,44000064.raw,../io/pl_512_split/train/44000064.raw,ok,
train,44000065.raw,../io/pl_512_split/train/44000065.raw,ok,
train,44000066.raw,../io/pl_512_split/train/44000066.raw,ok,
train,44000068.raw,../io/pl_512_split/train/44000068.raw,ok,
train,44000069.raw,../io/pl_512_split/train/44000069.raw,ok,
train,44000070.raw,../io/pl_512_split/train/44000070.raw,ok,
train,44000072.raw,../io/pl_512_split/train/44000072.raw,ok,
train,44000073.raw,../io/pl_512_split/train/44000073.raw,ok,
train,44000074.raw,../io/pl_512_split/train/44000074.raw,ok,
train,44000075.raw,../io/pl_512_split/train/44000075.raw,ok,
train,44000076.raw,../io/pl_512_split/train/44000076.raw,ok,
train,44000077.raw,../io/pl_512_split/train/44000077.raw,ok,
train,44000078.raw,../io/pl_512_split/train/44000078.raw,ok,
train,44000079.raw,../io/pl_512_split/train/44000079.raw,ok,
train,44000080.raw,../io/pl_512_split/train/44000080.raw,ok,
train,44000081.raw,../io/pl_512_split/train/44000081.raw,ok,
train,44000082.raw,../io/pl_512_split/train/44000082.raw,ok,
train,44000083.raw,../io/pl_512_split/train/44000083.raw,ok,
train,44000084.raw,../io/pl_512_split/train/44000084.raw,ok,
train,44000085.raw,../io/pl_512_split/train/44000085.raw,ok,
train,44000086.raw,../io/pl_512_split/train/44000086.raw,ok,
train,44000088.raw,../io/pl_512_split/train/44000088.raw,ok,
train,44000090.raw,../io/pl_512_split/train/44000090.raw,ok,
train,44000091.raw,../io/pl_512_split/train/44000091.raw,ok,
train,44000092.raw,../io/pl_512_split/train/44000092.raw,ok,
train,44000093.raw,../io/pl_512_split/train/44000093.raw,ok,
train,44000094.raw,../io/pl_512_split/train/44000094.raw,ok,
train,44000096.raw,../io/pl_512_split/train/44000096.raw,ok,
train,44000097.raw,../io/pl_512_split/train/44000097.raw,ok,
train,44000098.raw,../io/pl_512_split/train/44000098.raw,ok,
train,44000099.raw,../io/pl_512_split/train/44000099.raw,ok,
train,44000100.raw,../io/pl_512_split/train/44000100.raw,ok,
train,44000101.raw,../io/pl_512_split/train/44000101.raw,ok,
train,44000102.raw,../io/pl_512_split/train/44000102.raw,ok,
train,44000103.raw,../io/pl_512_split/train/44000103.raw,ok,
train,44000104.raw,../io/pl_512_split/train/44000104.raw,ok,
train,44000105.raw,../io/pl_512_split/train/44000105.raw,ok,
train,44000106.raw,../io/pl_512_split/train/44000106.raw,ok,
train,44000108.raw,../io/pl_512_split/train/44000108.raw,ok,
train,44000109.raw,../io/pl_512_split/train/44000109.raw,ok,
train,44000110.raw,../io/pl_512_split/train/44000110.raw,ok,
train,44000111.raw,../io/pl_512_split/train/44000111.raw,ok,
train,44000112.raw,../io/pl_512_split/train/44000112.raw,ok,
train,44000113.raw,../io/pl_512_split/train/44000113.raw,ok,
train,50600000.raw,../io/pl_512_split/train/50600000.raw,ok,
train,50600001.raw,../io/pl_512_split/train/50600001.raw,ok,
train,50600003.raw,../io/pl_512_split/train/50600003.raw,ok,
train,50600004.raw,../io/pl_512_split/train/50600004.raw,ok,
train,50600005.raw,../io/pl_512_split/train/50600005.raw,ok,
train,50600006.raw,../io/pl_512_split/train/50600006.raw,ok,
train,50600007.raw,../io/pl_512_split/train/50600007.raw,ok,
train,50600008.raw,../io/pl_512_split/train/50600008.raw,ok,
train,50600009.raw,../io/pl_512_split/train/50600009.raw,ok,
train,50600010.raw,../io/pl_512_split/train/50600010.raw,ok,
train,50600012.raw,../io/pl_512_split/train/50600012.raw,ok,
train,50600013.raw,../io/pl_512_split/train/50600013.raw,ok,
train,50600014.raw,../io/pl_512_split/train/50600014.raw,ok,
train,50600015.raw,../io/pl_512_split/train/50600015.raw,ok,
train,50600016.raw,../io/pl_512_split/train/50600016.raw,ok,
train,50600017.raw,../io/pl_512_split/train/50600017.raw,ok,
train,50600018.raw,../io/pl_512_split/train/50600018.raw,ok,
train,50600019.raw,../io/pl_512_split/train/50600019.raw,ok,
train,50600020.raw,../io/pl_512_split/train/50600020.raw,ok,
train,50600022.raw,../io/pl_512_split/train/50600022.raw,ok,
train,50600023.raw,../io/pl_512_split/train/50600023.raw,ok,
train,50600025.raw,../io/pl_512_split/train/50600025.raw,ok,
train,50600027.raw,../io/pl_512_split/train/50600027.raw,ok,
train,50600028.raw,../io/pl_512_split/train/50600028.raw,ok,
train,50600029.raw,../io/pl_512_split/train/50600029.raw,ok,
train,50600030.raw,../io/pl_512_split/train/50600030.raw,ok,
train,50600032.raw,../io/pl_512_split/train/50600032.raw,ok,
train,50600034.raw,../io/pl_512_split/train/50600034.raw,ok,
train,50600035.raw,../io/pl_512_split/train/50600035.raw,ok,
train,50600036.raw,../io/pl_512_split/train/50600036.raw,ok,
train,50600038.raw,../io/pl_512_split/train/50600038.raw,ok,
train,50600039.raw,../io/pl_512_split/train/50600039.raw,ok,
train,50600040.raw,../io/pl_512_split/train/50600040.raw,ok,
train,50600041.raw,../io/pl_512_split/train/50600041.raw,ok,
train,50600042.raw,../io/pl_512_split/train/50600042.raw,ok,
train,50600043.raw,../io/pl_512_split/train/50600043.raw,ok,
train,50600044.raw,../io/pl_512_split/train/50600044.raw,ok,
train,50600045.raw,../io/pl_512_split/train/50600045.raw,ok,
train,50600046.raw,../io/pl_512_split/train/50600046.raw,ok,
train,50600047.raw,../io/pl_512_split/train/50600047.raw,ok,
train,50600048.raw,../io/pl_512_split/train/50600048.raw,ok,
train,50600049.raw,../io/pl_512_split/train/50600049.raw,ok,
train,77000002.raw,../io/pl_512_split/train/77000002.raw,ok,
train,77000004.raw,../io/pl_512_split/train/77000004.raw,ok,
train,77000005.raw,../io/pl_512_split/train/77000005.raw,ok,
train,77000006.raw,../io/pl_512_split/train/77000006.raw,ok,
train,77000007.raw,../io/pl_512_split/train/77000007.raw,ok,
train,77000009.raw,../io/pl_512_split/train/77000009.raw,ok,
train,77000010.raw,../io/pl_512_split/train/77000010.raw,ok,
train,77000011.raw,../io/pl_512_split/train/77000011.raw,ok,
train,77000012.raw,../io/pl_512_split/train/77000012.raw,ok,
train,77000013.raw,../io/pl_512_split/train/77000013.raw,ok,
train,77000014.raw,../io/pl_512_split/train/77000014.raw,ok,
train,77000015.raw,../io/pl_512_split/train/77000015.raw,ok,
train,77000016.raw,../io/pl_512_split/train/77000016.raw,ok,
train,77000017.raw,../io/pl_512_split/train/77000017.raw,ok,
train,77000018.raw,../io/pl_512_split/train/77000018.raw,ok,
train,77000019.raw,../io/pl_512_split/train/77000019.raw,ok,
train,77000021.raw,../io/pl_512_split/train/77000021.raw,ok,
train,77000022.raw,../io/pl_512_split/train/77000022.raw,ok,
train,77000023.raw,../io/pl_512_split/train/77000023.raw,ok,
train,77000024.raw,../io/pl_512_split/train/77000024.raw,ok,
train,77000025.raw,../io/pl_512_split/train/77000025.raw,ok,
train,77000026.raw,../io/pl_512_split/train/77000026.raw,ok,
train,77000027.raw,../io/pl_512_split/train/77000027.raw,ok,
train,77000028.raw,../io/pl_512_split/train/77000028.raw,ok,
train,77000029.raw,../io/pl_512_split/train/77000029.raw,ok,
train,77000030.raw,../io/pl_512_split/train/77000030.raw,ok,
train,77000031.raw,../io/pl_512_split/train/77000031.raw,ok,
train,77000032.raw,../io/pl_512_split/train/77000032.raw,ok,
train,77000033.raw,../io/pl_512_split/train/77000033.raw,ok,
train,77000034.raw,../io/pl_512_split/train/77000034.raw,ok,
train,77000035.raw,../io/pl_512_split/train/77000035.raw,ok,
train,77000036.raw,../io/pl_512_split/train/77000036.raw,ok,
train,77000037.raw,../io/pl_512_split/train/77000037.raw,ok,
train,77000038.raw,../io/pl_512_split/train/77000038.raw,ok,
train,77000039.raw,../io/pl_512_split/train/77000039.raw,ok,
train,77000040.raw,../io/pl_512_split/train/77000040.raw,ok,
train,77000041.raw,../io/pl_512_split/train/77000041.raw,ok,
train,77000042.raw,../io/pl_512_split/train/77000042.raw,ok,
train,77000043.raw,../io/pl_512_split/train/77000043.raw,ok,
train,77000044.raw,../io/pl_512_split/train/77000044.raw,ok,
train,77000045.raw,../io/pl_512_split/train/77000045.raw,ok,
train,77000046.raw,../io/pl_512_split/train/77000046.raw,ok,
train,77000047.raw,../io/pl_512_split/train/77000047.raw,ok,
train,77000048.raw,../io/pl_512_split/train/77000048.raw,ok,
train,77000049.raw,../io/pl_512_split/train/77000049.raw,ok,
train,77000050.raw,../io/pl_512_split/train/77000050.raw,ok,
train,77000051.raw,../io/pl_512_split/train/77000051.raw,ok,
train,77000052.raw,../io/pl_512_split/train/77000052.raw,ok,
train,77000054.raw,../io/pl_512_split/train/77000054.raw,ok,
train,77000055.raw,../io/pl_512_split/train/77000055.raw,ok,
train,77000056.raw,../io/pl_512_split/train/77000056.raw,ok,
train,77000057.raw,../io/pl_512_split/train/77000057.raw,ok,
train,77000058.raw,../io/pl_512_split/train/77000058.raw,ok,
train,77000060.raw,../io/pl_512_split/train/77000060.raw,ok,
train,77000061.raw,../io/pl_512_split/train/77000061.raw,ok,
train,77000062.raw,../io/pl_512_split/train/77000062.raw,ok,
train,77000063.raw,../io/pl_512_split/train/77000063.raw,ok,
train,77000064.raw,../io/pl_512_split/train/77000064.raw,ok,
train,77000065.raw,../io/pl_512_split/train/77000065.raw,ok,
train,77000066.raw,../io/pl_512_split/train/77000066.raw,ok,
train,77000067.raw,../io/pl_512_split/train/77000067.raw,ok,
train,77000068.raw,../io/pl_512_split/train/77000068.raw,ok,
train,77000069.raw,../io/pl_512_split/train/77000069.raw,ok,
train,77000070.raw,../io/pl_512_split/train/77000070.raw,ok,
train,77000071.raw,../io/pl_512_split/train/77000071.raw,ok,
train,77000072.raw,../io/pl_512_split/train/77000072.raw,ok,
train,77000073.raw,../io/pl_512_split/train/77000073.raw,ok,
train,77000074.raw,../io/pl_512_split/train/77000074.raw,ok,
train,77000075.raw,../io/pl_512_split/train/77000075.raw,ok,
train,77000076.raw,../io/pl_512_split/train/77000076.raw,ok,
train,77000077.raw,../io/pl_512_split/train/77000077.raw,ok,
train,77000078.raw,../io/pl_512_split/train/77000078.raw,ok,
train,77000079.raw,../io/pl_512_split/train/77000079.raw,ok,
train,77000080.raw,../io/pl_512_split/train/77000080.raw,ok,
train,77000081.raw,../io/pl_512_split/train/77000081.raw,ok,
train,77000082.raw,../io/pl_512_split/train/77000082.raw,ok,
train,77000083.raw,../io/pl_512_split/train/77000083.raw,ok,
train,77000084.raw,../io/pl_512_split/train/77000084.raw,ok,
train,77000085.raw,../io/pl_512_split/train/77000085.raw,ok,
train,77000086.raw,../io/pl_512_split/train/77000086.raw,ok,
train,77000087.raw,../io/pl_512_split/train/77000087.raw,ok,
train,77000088.raw,../io/pl_512_split/train/77000088.raw,ok,
train,77000089.raw,../io/pl_512_split/train/77000089.raw,ok,
train,77000091.raw,../io/pl_512_split/train/77000091.raw,ok,
train,77000092.raw,../io/pl_512_split/train/77000092.raw,ok,
train,77000093.raw,../io/pl_512_split/train/77000093.raw,ok,
train,77000094.raw,../io/pl_512_split/train/77000094.raw,ok,
train,77000095.raw,../io/pl_512_split/train/77000095.raw,ok,
train,77000096.raw,../io/pl_512_split/train/77000096.raw,ok,
train,77000097.raw,../io/pl_512_split/train/77000097.raw,ok,
train,77000098.raw,../io/pl_512_split/train/77000098.raw,ok,
train,77000099.raw,../io/pl_512_split/train/77000099.raw,ok,
train,92000000.raw,../io/pl_512_split/train/92000000.raw,ok,
train,92000001.raw,../io/pl_512_split/train/92000001.raw,ok,
train,92000003.raw,../io/pl_512_split/train/92000003.raw,ok,
train,92000004.raw,../io/pl_512_split/train/92000004.raw,ok,
train,92000005.raw,../io/pl_512_split/train/92000005.raw,ok,
train,92000008.raw,../io/pl_512_split/train/92000008.raw,ok,
train,92000009.raw,../io/pl_512_split/train/92000009.raw,ok,
train,92000010.raw,../io/pl_512_split/train/92000010.raw,ok,
train,92000011.raw,../io/pl_512_split/train/92000011.raw,ok,
train,92000012.raw,../io/pl_512_split/train/92000012.raw,ok,
train,92000013.raw,../io/pl_512_split/train/92000013.raw,ok,
train,92000014.raw,../io/pl_512_split/train/92000014.raw,ok,
train,92000015.raw,../io/pl_512_split/train/92000015.raw,ok,
train,92000016.raw,../io/pl_512_split/train/92000016.raw,ok,
train,92000017.raw,../io/pl_512_split/train/92000017.raw,ok,
train,92000018.raw,../io/pl_512_split/train/92000018.raw,ok,
train,92000019.raw,../io/pl_512_split/train/92000019.raw,ok,
train,92000021.raw,../io/pl_512_split/train/92000021.raw,ok,
train,92000023.raw,../io/pl_512_split/train/92000023.raw,ok,
train,92000024.raw,../io/pl_512_split/train/92000024.raw,ok,
train,92000025.raw,../io/pl_512_split/train/92000025.raw,ok,
train,92000026.raw,../io/pl_512_split/train/92000026.raw,ok,
train,92000027.raw,../io/pl_512_split/train/92000027.raw,ok,
train,92000028.raw,../io/pl_512_split/train/92000028.raw,ok,
train,92000029.raw,../io/pl_512_split/train/92000029.raw,ok,
train,92000030.raw,../io/pl_512_split/train/92000030.raw,ok,
train,92000031.raw,../io/pl_512_split/train/92000031.raw,ok,
train,92000032.raw,../io/pl_512_split/train/92000032.raw,ok,
train,92000034.raw,../io/pl_512_split/train/92000034.raw,ok,
train,92000036.raw,../io/pl_512_split/train/92000036.raw,ok,
train,92000037.raw,../io/pl_512_split/train/92000037.raw,ok,
train,92000038.raw,../io/pl_512_split/train/92000038.raw,ok,
train,92000040.raw,../io/pl_512_split/train/92000040.raw,ok,
train,92000041.raw,../io/pl_512_split/train/92000041.raw,ok,
train,92000042.raw,../io/pl_512_split/train/92000042.raw,ok,
train,92000043.raw,../io/pl_512_split/train/92000043.raw,ok,
train,92000044.raw,../io/pl_512_split/train/92000044.raw,ok,
train,92000045.raw,../io/pl_512_split/train/92000045.raw,ok,
train,92000046.raw,../io/pl_512_split/train/92000046.raw,ok,
train,92000047.raw,../io/pl_512_split/train/92000047.raw,ok,
train,92000048.raw,../io/pl_512_split/train/92000048.raw,ok,
train,92000049.raw,../io/pl_512_split/train/92000049.raw,ok,
train,92000050.raw,../io/pl_512_split/train/92000050.raw,ok,
train,92000052.raw,../io/pl_512_split/train/92000052.raw,ok,
train,92000053.raw,../io/pl_512_split/train/92000053.raw,ok,
train,92000054.raw,../io/pl_512_split/train/92000054.raw,ok,
train,92000055.raw,../io/pl_512_split/train/92000055.raw,ok,
train,92000056.raw,../io/pl_512_split/train/92000056.raw,ok,
train,92000057.raw,../io/pl_512_split/train/92000057.raw,ok,
train,92000058.raw,../io/pl_512_split/train/92000058.raw,ok,
train,92000059.raw,../io/pl_512_split/train/92000059.raw,ok,
train,92000060.raw,../io/pl_512_split/train/92000060.raw,ok,
train,92000061.raw,../io/pl_512_split/train/92000061.raw,ok,
train,92000062.raw,../io/pl_512_split/train/92000062.raw,ok,
train,92000063.raw,../io/pl_512_split/train/92000063.raw,ok,
train,92000064.raw,../io/pl_512_split/train/92000064.raw,ok,
train,92000065.raw,../io/pl_512_split/train/92000065.raw,ok,
train,92000066.raw,../io/pl_512_split/train/92000066.raw,ok,
train,92000067.raw,../io/pl_512_split/train/92000067.raw,ok,
train,92000068.raw,../io/pl_512_split/train/92000068.raw,ok,
train,92000069.raw,../io/pl_512_split/train/92000069.raw,ok,
train,92000070.raw,../io/pl_512_split/train/92000070.raw,ok,
train,92000071.raw,../io/pl_512_split/train/92000071.raw,ok,
train,92000072.raw,../io/pl_512_split/train/92000072.raw,ok,
train,92000073.raw,../io/pl_512_split/train/92000073.raw,ok,
train,92000074.raw,../io/pl_512_split/train/92000074.raw,ok,
train,92000075.raw,../io/pl_512_split/train/92000075.raw,ok,
train,92000077.raw,../io/pl_512_split/train/92000077.raw,ok,
train,92000078.raw,../io/pl_512_split/train/92000078.raw,ok,
train,92000079.raw,../io/pl_512_split/train/92000079.raw,ok,
train,92000080.raw,../io/pl_512_split/train/92000080.raw,ok,
train,92000081.raw,../io/pl_512_split/train/92000081.raw,ok,
train,92000082.raw,../io/pl_512_split/train/92000082.raw,ok,
train,92000083.raw,../io/pl_512_split/train/92000083.raw,ok,
train,92000084.raw,../io/pl_512_split/train/92000084.raw,ok,
train,92000085.raw,../io/pl_512_split/train/92000085.raw,ok,
train,92000086.raw,../io/pl_512_split/train/92000086.raw,ok,
train,92000087.raw,../io/pl_512_split/train/92000087.raw,ok,
train,92000088.raw,../io/pl_512_split/train/92000088.raw,ok,
train,92000089.raw,../io/pl_512_split/train/92000089.raw,ok,
train,92000090.raw,../io/pl_512_split/train/92000090.raw,ok,
train,92000091.raw,../io/pl_512_split/train/92000091.raw,ok,
train,92000092.raw,../io/pl_512_split/train/92000092.raw,ok,
train,92000093.raw,../io/pl_512_split/train/92000093.raw,ok,
train,92000094.raw,../io/pl_512_split/train/92000094.raw,ok,
train,92000095.raw,../io/pl_512_split/train/92000095.raw,ok,
train,92000096.raw,../io/pl_512_split/train/92000096.raw,ok,
train,92000097.raw,../io/pl_512_split/train/92000097.raw,ok,
train,92000098.raw,../io/pl_512_split/train/92000098.raw,ok,
train,92000099.raw,../io/pl_512_split/train/92000099.raw,ok,
train,92000100.raw,../io/pl_512_split/train/92000100.raw,ok,
train,92000101.raw,../io/pl_512_split/train/92000101.raw,ok,
train,92000102.raw,../io/pl_512_split/train/92000102.raw,ok,
train,92000103.raw,../io/pl_512_split/train/92000103.raw,ok,
train,92000104.raw,../io/pl_512_split/train/92000104.raw,ok,
train,92000105.raw,../io/pl_512_split/train/92000105.raw,ok,
train,92000106.raw,../io/pl_512_split/train/92000106.raw,ok,
train,92000107.raw,../io/pl_512_split/train/92000107.raw,ok,
train,92000108.raw,../io/pl_512_split/train/92000108.raw,ok,
train,92000109.raw,../io/pl_512_split/train/92000109.raw,ok,
train,92000110.raw,../io/pl_512_split/train/92000110.raw,ok,
val,00041001.raw,../io/pl_512_split/val/00041001.raw,ok,
val,00041016.raw,../io/pl_512_split/val/00041016.raw,ok,
val,00041018.raw,../io/pl_512_split/val/00041018.raw,ok,
val,00041024.raw,../io/pl_512_split/val/00041024.raw,ok,
val,00041033.raw,../io/pl_512_split/val/00041033.raw,ok,
val,00041034.raw,../io/pl_512_split/val/00041034.raw,ok,
val,00041038.raw,../io/pl_512_split/val/00041038.raw,ok,
val,00041049.raw,../io/pl_512_split/val/00041049.raw,ok,
val,00041053.raw,../io/pl_512_split/val/00041053.raw,ok,
val,00041056.raw,../io/pl_512_split/val/00041056.raw,ok,
val,00041076.raw,../io/pl_512_split/val/00041076.raw,ok,
val,00041085.raw,../io/pl_512_split/val/00041085.raw,ok,
val,00041113.raw,../io/pl_512_split/val/00041113.raw,ok,
val,00041150.raw,../io/pl_512_split/val/00041150.raw,ok,
val,00041174.raw,../io/pl_512_split/val/00041174.raw,ok,
val,00041177.raw,../io/pl_512_split/val/00041177.raw,ok,
val,00041184.raw,../io/pl_512_split/val/00041184.raw,ok,
val,00041185.raw,../io/pl_512_split/val/00041185.raw,ok,
val,00041189.raw,../io/pl_512_split/val/00041189.raw,ok,
val,13000000.raw,../io/pl_512_split/val/13000000.raw,ok,
val,13000002.raw,../io/pl_512_split/val/13000002.raw,ok,
val,13000010.raw,../io/pl_512_split/val/13000010.raw,ok,
val,13000021.raw,../io/pl_512_split/val/13000021.raw,ok,
val,13000047.raw,../io/pl_512_split/val/13000047.raw,ok,
val,13000064.raw,../io/pl_512_split/val/13000064.raw,ok,
val,13000090.raw,../io/pl_512_split/val/13000090.raw,ok,
val,13000093.raw,../io/pl_512_split/val/13000093.raw,ok,
val,13000098.raw,../io/pl_512_split/val/13000098.raw,ok,
val,13000099.raw,../io/pl_512_split/val/13000099.raw,ok,
val,13000134.raw,../io/pl_512_split/val/13000134.raw,ok,
val,13000136.raw,../io/pl_512_split/val/13000136.raw,ok,
val,13000150.raw,../io/pl_512_split/val/13000150.raw,ok,
val,13000154.raw,../io/pl_512_split/val/13000154.raw,ok,
val,13000164.raw,../io/pl_512_split/val/13000164.raw,ok,
val,13000165.raw,../io/pl_512_split/val/13000165.raw,ok,
val,13000169.raw,../io/pl_512_split/val/13000169.raw,ok,
val,13000186.raw,../io/pl_512_split/val/13000186.raw,ok,
val,20085000.raw,../io/pl_512_split/val/20085000.raw,ok,
val,20085016.raw,../io/pl_512_split/val/20085016.raw,ok,
val,20085020.raw,../io/pl_512_split/val/20085020.raw,ok,
val,20085026.raw,../io/pl_512_split/val/20085026.raw,ok,
val,20085028.raw,../io/pl_512_split/val/20085028.raw,ok,
val,20085030.raw,../io/pl_512_split/val/20085030.raw,ok,
val,20085052.raw,../io/pl_512_split/val/20085052.raw,ok,
val,20085068.raw,../io/pl_512_split/val/20085068.raw,ok,
val,20085069.raw,../io/pl_512_split/val/20085069.raw,ok,
val,20085078.raw,../io/pl_512_split/val/20085078.raw,ok,
val,20085085.raw,../io/pl_512_split/val/20085085.raw,ok,
val,20085095.raw,../io/pl_512_split/val/20085095.raw,ok,
val,20085098.raw,../io/pl_512_split/val/20085098.raw,ok,
val,20085103.raw,../io/pl_512_split/val/20085103.raw,ok,
val,20085108.raw,../io/pl_512_split/val/20085108.raw,ok,
val,20085109.raw,../io/pl_512_split/val/20085109.raw,ok,
val,20085110.raw,../io/pl_512_split/val/20085110.raw,ok,
val,20085125.raw,../io/pl_512_split/val/20085125.raw,ok,
val,20085130.raw,../io/pl_512_split/val/20085130.raw,ok,
val,20085140.raw,../io/pl_512_split/val/20085140.raw,ok,
val,20085156.raw,../io/pl_512_split/val/20085156.raw,ok,
val,20085183.raw,../io/pl_512_split/val/20085183.raw,ok,
val,20085188.raw,../io/pl_512_split/val/20085188.raw,ok,
val,20085191.raw,../io/pl_512_split/val/20085191.raw,ok,
val,20085198.raw,../io/pl_512_split/val/20085198.raw,ok,
val,20085209.raw,../io/pl_512_split/val/20085209.raw,ok,
val,20085216.raw,../io/pl_512_split/val/20085216.raw,ok,
val,20085217.raw,../io/pl_512_split/val/20085217.raw,ok,
val,20085224.raw,../io/pl_512_split/val/20085224.raw,ok,
val,20085232.raw,../io/pl_512_split/val/20085232.raw,ok,
val,20085240.raw,../io/pl_512_split/val/20085240.raw,ok,
val,20085268.raw,../io/pl_512_split/val/20085268.raw,ok,
val,20085284.raw,../io/pl_512_split/val/20085284.raw,ok,
val,44000067.raw,../io/pl_512_split/val/44000067.raw,ok,
val,44000087.raw,../io/pl_512_split/val/44000087.raw,ok,
val,44000095.raw,../io/pl_512_split/val/44000095.raw,ok,
val,44000107.raw,../io/pl_512_split/val/44000107.raw,ok,
val,50600002.raw,../io/pl_512_split/val/50600002.raw,ok,
val,50600011.raw,../io/pl_512_split/val/50600011.raw,ok,
val,50600021.raw,../io/pl_512_split/val/50600021.raw,ok,
val,50600024.raw,../io/pl_512_split/val/50600024.raw,ok,
val,50600026.raw,../io/pl_512_split/val/50600026.raw,ok,
val,50600031.raw,../io/pl_512_split/val/50600031.raw,ok,
val,50600033.raw,../io/pl_512_split/val/50600033.raw,ok,
val,50600037.raw,../io/pl_512_split/val/50600037.raw,ok,
val,77000000.raw,../io/pl_512_split/val/77000000.raw,ok,
val,77000001.raw,../io/pl_512_split/val/77000001.raw,ok,
val,77000003.raw,../io/pl_512_split/val/77000003.raw,ok,
val,77000008.raw,../io/pl_512_split/val/77000008.raw,ok,
val,77000020.raw,../io/pl_512_split/val/77000020.raw,ok,
val,77000053.raw,../io/pl_512_split/val/77000053.raw,ok,
val,77000059.raw,../io/pl_512_split/val/77000059.raw,ok,
val,77000090.raw,../io/pl_512_split/val/77000090.raw,ok,
val,92000002.raw,../io/pl_512_split/val/92000002.raw,ok,
val,92000006.raw,../io/pl_512_split/val/92000006.raw,ok,
val,92000007.raw,../io/pl_512_split/val/92000007.raw,ok,
val,92000020.raw,../io/pl_512_split/val/92000020.raw,ok,
val,92000022.raw,../io/pl_512_split/val/92000022.raw,ok,
val,92000033.raw,../io/pl_512_split/val/92000033.raw,ok,
val,92000035.raw,../io/pl_512_split/val/92000035.raw,ok,
val,92000039.raw,../io/pl_512_split/val/92000039.raw,ok,
val,92000051.raw,../io/pl_512_split/val/92000051.raw,ok,
val,92000076.raw,../io/pl_512_split/val/92000076.raw,ok,
test,00041200.raw,../io/pl_512_split/test/00041200.raw,ok,
test,00041201.raw,../io/pl_512_split/test/00041201.raw,ok,
test,00041202.raw,../io/pl_512_split/test/00041202.raw,ok,
test,00041203.raw,../io/pl_512_split/test/00041203.raw,ok,
test,00041204.raw,../io/pl_512_split/test/00041204.raw,ok,
test,00041205.raw,../io/pl_512_split/test/00041205.raw,ok,
test,00041206.raw,../io/pl_512_split/test/00041206.raw,ok,
test,00041207.raw,../io/pl_512_split/test/00041207.raw,ok,
test,00041208.raw,../io/pl_512_split/test/00041208.raw,ok,
test,00041209.raw,../io/pl_512_split/test/00041209.raw,ok,
test,00041210.raw,../io/pl_512_split/test/00041210.raw,ok,
test,00041211.raw,../io/pl_512_split/test/00041211.raw,ok,
test,00041212.raw,../io/pl_512_split/test/00041212.raw,ok,
test,00041213.raw,../io/pl_512_split/test/00041213.raw,ok,
test,00041214.raw,../io/pl_512_split/test/00041214.raw,ok,
test,00041215.raw,../io/pl_512_split/test/00041215.raw,ok,
test,00041216.raw,../io/pl_512_split/test/00041216.raw,ok,
test,00041217.raw,../io/pl_512_split/test/00041217.raw,ok,
test,00041218.raw,../io/pl_512_split/test/00041218.raw,ok,
test,00041219.raw,../io/pl_512_split/test/00041219.raw,ok,
test,00041220.raw,../io/pl_512_split/test/00041220.raw,ok,
test,12000001.raw,../io/pl_512_split/test/12000001.raw,ok,
test,12000017.raw,../io/pl_512_split/test/12000017.raw,ok,
test,12000038.raw,../io/pl_512_split/test/12000038.raw,ok,
test,12000052.raw,../io/pl_512_split/test/12000052.raw,ok,
test,12000068.raw,../io/pl_512_split/test/12000068.raw,ok,
test,12000085.raw,../io/pl_512_split/test/12000085.raw,ok,
test,12000102.raw,../io/pl_512_split/test/12000102.raw,ok,
test,12000119.raw,../io/pl_512_split/test/12000119.raw,ok,
test,12000136.raw,../io/pl_512_split/test/12000136.raw,ok,
test,12000155.raw,../io/pl_512_split/test/12000155.raw,ok,
test,12000171.raw,../io/pl_512_split/test/12000171.raw,ok,
test,12000187.raw,../io/pl_512_split/test/12000187.raw,ok,
test,12000204.raw,../io/pl_512_split/test/12000204.raw,ok,
test,12000593.raw,../io/pl_512_split/test/12000593.raw,ok,
test,12100000.raw,../io/pl_512_split/test/12100000.raw,ok,
test,12100001.raw,../io/pl_512_split/test/12100001.raw,ok,
test,12100002.raw,../io/pl_512_split/test/12100002.raw,ok,
test,12100003.raw,../io/pl_512_split/test/12100003.raw,ok,
test,12100004.raw,../io/pl_512_split/test/12100004.raw,ok,
test,12100005.raw,../io/pl_512_split/test/12100005.raw,ok,
test,12100006.raw,../io/pl_512_split/test/12100006.raw,ok,
test,12100007.raw,../io/pl_512_split/test/12100007.raw,ok,
test,12100008.raw,../io/pl_512_split/test/12100008.raw,ok,
test,12100009.raw,../io/pl_512_split/test/12100009.raw,ok,
test,12100010.raw,../io/pl_512_split/test/12100010.raw,ok,
test,12100011.raw,../io/pl_512_split/test/12100011.raw,ok,
test,12100012.raw,../io/pl_512_split/test/12100012.raw,ok,
test,12100013.raw,../io/pl_512_split/test/12100013.raw,ok,
test,12100014.raw,../io/pl_512_split/test/12100014.raw,ok,
test,12100015.raw,../io/pl_512_split/test/12100015.raw,ok,
test,12100016.raw,../io/pl_512_split/test/12100016.raw,ok,
test,12100017.raw,../io/pl_512_split/test/12100017.raw,ok,
test,12100018.raw,../io/pl_512_split/test/12100018.raw,ok,
test,12100019.raw,../io/pl_512_split/test/12100019.raw,ok,
test,12100020.raw,../io/pl_512_split/test/12100020.raw,ok,
test,12100021.raw,../io/pl_512_split/test/12100021.raw,ok,
test,12100022.raw,../io/pl_512_split/test/12100022.raw,ok,
test,12100023.raw,../io/pl_512_split/test/12100023.raw,ok,
test,12100024.raw,../io/pl_512_split/test/12100024.raw,ok,
test,12100025.raw,../io/pl_512_split/test/12100025.raw,ok,
test,12100026.raw,../io/pl_512_split/test/12100026.raw,ok,
test,12100027.raw,../io/pl_512_split/test/12100027.raw,ok,
test,12100028.raw,../io/pl_512_split/test/12100028.raw,ok,
test,12100029.raw,../io/pl_512_split/test/12100029.raw,ok,
test,12100030.raw,../io/pl_512_split/test/12100030.raw,ok,
test,12100031.raw,../io/pl_512_split/test/12100031.raw,ok,
test,12100032.raw,../io/pl_512_split/test/12100032.raw,ok,
test,12100033.raw,../io/pl_512_split/test/12100033.raw,ok,
test,12100034.raw,../io/pl_512_split/test/12100034.raw,ok,
test,12100035.raw,../io/pl_512_split/test/12100035.raw,ok,
test,12100036.raw,../io/pl_512_split/test/12100036.raw,ok,
test,12100037.raw,../io/pl_512_split/test/12100037.raw,ok,
test,12100038.raw,../io/pl_512_split/test/12100038.raw,ok,
test,12100039.raw,../io/pl_512_split/test/12100039.raw,ok,
test,12100040.raw,../io/pl_512_split/test/12100040.raw,ok,
test,12100041.raw,../io/pl_512_split/test/12100041.raw,ok,
test,12100042.raw,../io/pl_512_split/test/12100042.raw,ok,
test,12100043.raw,../io/pl_512_split/test/12100043.raw,ok,
test,12100044.raw,../io/pl_512_split/test/12100044.raw,ok,
test,12100045.raw,../io/pl_512_split/test/12100045.raw,ok,
test,12100046.raw,../io/pl_512_split/test/12100046.raw,ok,
test,12100047.raw,../io/pl_512_split/test/12100047.raw,ok,
test,12100048.raw,../io/pl_512_split/test/12100048.raw,ok,
test,12100049.raw,../io/pl_512_split/test/12100049.raw,ok,
test,12100050.raw,../io/pl_512_split/test/12100050.raw,ok,
test,12100051.raw,../io/pl_512_split/test/12100051.raw,ok,
test,12100052.raw,../io/pl_512_split/test/12100052.raw,ok,
test,12100053.raw,../io/pl_512_split/test/12100053.raw,ok,
test,12100054.raw,../io/pl_512_split/test/12100054.raw,ok,
test,12100055.raw,../io/pl_512_split/test/12100055.raw,ok,
test,12100056.raw,../io/pl_512_split/test/12100056.raw,ok,
test,12100057.raw,../io/pl_512_split/test/12100057.raw,ok,
test,12100058.raw,../io/pl_512_split/test/12100058.raw,ok,
test,12100059.raw,../io/pl_512_split/test/12100059.raw,ok,
test,12100060.raw,../io/pl_512_split/test/12100060.raw,ok,
test,12100061.raw,../io/pl_512_split/test/12100061.raw,ok,
test,12100062.raw,../io/pl_512_split/test/12100062.raw,ok,
test,12100063.raw,../io/pl_512_split/test/12100063.raw,ok,
test,12100064.raw,../io/pl_512_split/test/12100064.raw,ok,
test,12100065.raw,../io/pl_512_split/test/12100065.raw,ok,
test,12100121.raw,../io/pl_512_split/test/12100121.raw,ok,
test,12100122.raw,../io/pl_512_split/test/12100122.raw,ok,
test,12100123.raw,../io/pl_512_split/test/12100123.raw,ok,
test,12100124.raw,../io/pl_512_split/test/12100124.raw,ok,
test,12100125.raw,../io/pl_512_split/test/12100125.raw,ok,
test,12100126.raw,../io/pl_512_split/test/12100126.raw,ok,
test,12100127.raw,../io/pl_512_split/test/12100127.raw,ok,
test,12100128.raw,../io/pl_512_split/test/12100128.raw,ok,
test,12100129.raw,../io/pl_512_split/test/12100129.raw,ok,
test,12100130.raw,../io/pl_512_split/test/12100130.raw,ok,
test,12100131.raw,../io/pl_512_split/test/12100131.raw,ok,
test,12100132.raw,../io/pl_512_split/test/12100132.raw,ok,
test,12100133.raw,../io/pl_512_split/test/12100133.raw,ok,
test,12100134.raw,../io/pl_512_split/test/12100134.raw,ok,
test,12100135.raw,../io/pl_512_split/test/12100135.raw,ok,
test,12100136.raw,../io/pl_512_split/test/12100136.raw,ok,
test,12100137.raw,../io/pl_512_split/test/12100137.raw,ok,
test,12100138.raw,../io/pl_512_split/test/12100138.raw,ok,
test,12100139.raw,../io/pl_512_split/test/12100139.raw,ok,
test,12100140.raw,../io/pl_512_split/test/12100140.raw,ok,
test,12100141.raw,../io/pl_512_split/test/12100141.raw,ok,
test,12100142.raw,../io/pl_512_split/test/12100142.raw,ok,
test,12100143.raw,../io/pl_512_split/test/12100143.raw,ok,
test,12100144.raw,../io/pl_512_split/test/12100144.raw,ok,
test,12100145.raw,../io/pl_512_split/test/12100145.raw,ok,
test,12100146.raw,../io/pl_512_split/test/12100146.raw,ok,
test,12100147.raw,../io/pl_512_split/test/12100147.raw,ok,
test,12100148.raw,../io/pl_512_split/test/12100148.raw,ok,
test,12100149.raw,../io/pl_512_split/test/12100149.raw,ok,
test,12100150.raw,../io/pl_512_split/test/12100150.raw,ok,
test,12100151.raw,../io/pl_512_split/test/12100151.raw,ok,
test,12100152.raw,../io/pl_512_split/test/12100152.raw,ok,
test,12100153.raw,../io/pl_512_split/test/12100153.raw,ok,
test,12100154.raw,../io/pl_512_split/test/12100154.raw,ok,
test,12100155.raw,../io/pl_512_split/test/12100155.raw,ok,
test,12100156.raw,../io/pl_512_split/test/12100156.raw,ok,
test,12100157.raw,../io/pl_512_split/test/12100157.raw,ok,
test,12100158.raw,../io/pl_512_split/test/12100158.raw,ok,
test,12100159.raw,../io/pl_512_split/test/12100159.raw,ok,
test,12100160.raw,../io/pl_512_split/test/12100160.raw,ok,
test,12100161.raw,../io/pl_512_split/test/12100161.raw,ok,
test,12100162.raw,../io/pl_512_split/test/12100162.raw,ok,
test,12100163.raw,../io/pl_512_split/test/12100163.raw,ok,
test,12100164.raw,../io/pl_512_split/test/12100164.raw,ok,
test,12100165.raw,../io/pl_512_split/test/12100165.raw,ok,
test,12100166.raw,../io/pl_512_split/test/12100166.raw,ok,
test,12100167.raw,../io/pl_512_split/test/12100167.raw,ok,
test,12100168.raw,../io/pl_512_split/test/12100168.raw,ok,
test,12100169.raw,../io/pl_512_split/test/12100169.raw,ok,
test,12100170.raw,../io/pl_512_split/test/12100170.raw,ok,
test,12100171.raw,../io/pl_512_split/test/12100171.raw,ok,
test,12100172.raw,../io/pl_512_split/test/12100172.raw,ok,
test,12100173.raw,../io/pl_512_split/test/12100173.raw,ok,
test,12100174.raw,../io/pl_512_split/test/12100174.raw,ok,
test,12100175.raw,../io/pl_512_split/test/12100175.raw,ok,
test,12100176.raw,../io/pl_512_split/test/12100176.raw,ok,
test,12100177.raw,../io/pl_512_split/test/12100177.raw,ok,
test,12100178.raw,../io/pl_512_split/test/12100178.raw,ok,
test,12100179.raw,../io/pl_512_split/test/12100179.raw,ok,
test,12100180.raw,../io/pl_512_split/test/12100180.raw,ok,
test,12100181.raw,../io/pl_512_split/test/12100181.raw,ok,
test,12100182.raw,../io/pl_512_split/test/12100182.raw,ok,
test,12100183.raw,../io/pl_512_split/test/12100183.raw,ok,
test,12100184.raw,../io/pl_512_split/test/12100184.raw,ok,
test,12100185.raw,../io/pl_512_split/test/12100185.raw,ok,
test,12100186.raw,../io/pl_512_split/test/12100186.raw,ok,
test,12100187.raw,../io/pl_512_split/test/12100187.raw,ok,
test,12100188.raw,../io/pl_512_split/test/12100188.raw,ok,
test,12100189.raw,../io/pl_512_split/test/12100189.raw,ok,
test,12100190.raw,../io/pl_512_split/test/12100190.raw,ok,
test,12100191.raw,../io/pl_512_split/test/12100191.raw,ok,
test,12100192.raw,../io/pl_512_split/test/12100192.raw,ok,
test,12100193.raw,../io/pl_512_split/test/12100193.raw,ok,
test,12100194.raw,../io/pl_512_split/test/12100194.raw,ok,
test,12100195.raw,../io/pl_512_split/test/12100195.raw,ok,
test,12100196.raw,../io/pl_512_split/test/12100196.raw,ok,
test,12100197.raw,../io/pl_512_split/test/12100197.raw,ok,
test,12100198.raw,../io/pl_512_split/test/12100198.raw,ok,
test,12100199.raw,../io/pl_512_split/test/12100199.raw,ok,
test,12100200.raw,../io/pl_512_split/test/12100200.raw,ok,
test,12300060.raw,../io/pl_512_split/test/12300060.raw,ok,
test,12300061.raw,../io/pl_512_split/test/12300061.raw,ok,
test,12300062.raw,../io/pl_512_split/test/12300062.raw,ok,
test,12300063.raw,../io/pl_512_split/test/12300063.raw,ok,
test,12300064.raw,../io/pl_512_split/test/12300064.raw,ok,
test,12300065.raw,../io/pl_512_split/test/12300065.raw,ok,
test,12300066.raw,../io/pl_512_split/test/12300066.raw,ok,
test,12300067.raw,../io/pl_512_split/test/12300067.raw,ok,
test,12300068.raw,../io/pl_512_split/test/12300068.raw,ok,
test,12300069.raw,../io/pl_512_split/test/12300069.raw,ok,
test,12300070.raw,../io/pl_512_split/test/12300070.raw,ok,
test,12300071.raw,../io/pl_512_split/test/12300071.raw,ok,
test,12300072.raw,../io/pl_512_split/test/12300072.raw,ok,
test,12300073.raw,../io/pl_512_split/test/12300073.raw,ok,
test,12300074.raw,../io/pl_512_split/test/12300074.raw,ok,
test,12300075.raw,../io/pl_512_split/test/12300075.raw,ok,
test,12300076.raw,../io/pl_512_split/test/12300076.raw,ok,
test,12300077.raw,../io/pl_512_split/test/12300077.raw,ok,
test,12300108.raw,../io/pl_512_split/test/12300108.raw,ok,
test,12300109.raw,../io/pl_512_split/test/12300109.raw,ok,
test,12300110.raw,../io/pl_512_split/test/12300110.raw,ok,
test,12300111.raw,../io/pl_512_split/test/12300111.raw,ok,
test,12300112.raw,../io/pl_512_split/test/12300112.raw,ok,
test,12300113.raw,../io/pl_512_split/test/12300113.raw,ok,
test,12300114.raw,../io/pl_512_split/test/12300114.raw,ok,
test,12300115.raw,../io/pl_512_split/test/12300115.raw,ok,
test,12300116.raw,../io/pl_512_split/test/12300116.raw,ok,
test,12300117.raw,../io/pl_512_split/test/12300117.raw,ok,
test,12300118.raw,../io/pl_512_split/test/12300118.raw,ok,
test,12300119.raw,../io/pl_512_split/test/12300119.raw,ok,
test,12300120.raw,../io/pl_512_split/test/12300120.raw,ok,
test,12300121.raw,../io/pl_512_split/test/12300121.raw,ok,
test,12300122.raw,../io/pl_512_split/test/12300122.raw,ok,
test,12300123.raw,../io/pl_512_split/test/12300123.raw,ok,
test,12300124.raw,../io/pl_512_split/test/12300124.raw,ok,
test,12300125.raw,../io/pl_512_split/test/12300125.raw,ok,
test,12300126.raw,../io/pl_512_split/test/12300126.raw,ok,
test,12300127.raw,../io/pl_512_split/test/12300127.raw,ok,
test,12300128.raw,../io/pl_512_split/test/12300128.raw,ok,
test,12300129.raw,../io/pl_512_split/test/12300129.raw,ok,
test,12300130.raw,../io/pl_512_split/test/12300130.raw,ok,
test,12300131.raw,../io/pl_512_split/test/12300131.raw,ok,
test,12300132.raw,../io/pl_512_split/test/12300132.raw,ok,
test,12300133.raw,../io/pl_512_split/test/12300133.raw,ok,
test,12300134.raw,../io/pl_512_split/test/12300134.raw,ok,
test,12300135.raw,../io/pl_512_split/test/12300135.raw,ok,
test,12300136.raw,../io/pl_512_split/test/12300136.raw,ok,
test,12300137.raw,../io/pl_512_split/test/12300137.raw,ok,
test,12300138.raw,../io/pl_512_split/test/12300138.raw,ok,
test,12300139.raw,../io/pl_512_split/test/12300139.raw,ok,
test,12300140.raw,../io/pl_512_split/test/12300140.raw,ok,
test,12300141.raw,../io/pl_512_split/test/12300141.raw,ok,
test,12300142.raw,../io/pl_512_split/test/12300142.raw,ok,
test,12300144.raw,../io/pl_512_split/test/12300144.raw,ok,
test,12300145.raw,../io/pl_512_split/test/12300145.raw,ok,
test,12300146.raw,../io/pl_512_split/test/12300146.raw,ok,
test,12300147.raw,../io/pl_512_split/test/12300147.raw,ok,
test,12300148.raw,../io/pl_512_split/test/12300148.raw,ok,
test,12300149.raw,../io/pl_512_split/test/12300149.raw,ok,
test,12300150.raw,../io/pl_512_split/test/12300150.raw,ok,
test,12300151.raw,../io/pl_512_split/test/12300151.raw,ok,
test,12300152.raw,../io/pl_512_split/test/12300152.raw,ok,
test,12300153.raw,../io/pl_512_split/test/12300153.raw,ok,
test,12300154.raw,../io/pl_512_split/test/12300154.raw,ok,
test,12300155.raw,../io/pl_512_split/test/12300155.raw,ok,
test,12300156.raw,../io/pl_512_split/test/12300156.raw,ok,
test,12300216.raw,../io/pl_512_split/test/12300216.raw,ok,
test,12300217.raw,../io/pl_512_split/test/12300217.raw,ok,
test,12300218.raw,../io/pl_512_split/test/12300218.raw,ok,
test,12300219.raw,../io/pl_512_split/test/12300219.raw,ok,
test,12300220.raw,../io/pl_512_split/test/12300220.raw,ok,
test,12300221.raw,../io/pl_512_split/test/12300221.raw,ok,
test,12300222.raw,../io/pl_512_split/test/12300222.raw,ok,
test,12300223.raw,../io/pl_512_split/test/12300223.raw,ok,
test,12300224.raw,../io/pl_512_split/test/12300224.raw,ok,
test,12300225.raw,../io/pl_512_split/test/12300225.raw,ok,
test,12300226.raw,../io/pl_512_split/test/12300226.raw,ok,
test,12300227.raw,../io/pl_512_split/test/12300227.raw,ok,
test,12300228.raw,../io/pl_512_split/test/12300228.raw,ok,
test,12300229.raw,../io/pl_512_split/test/12300229.raw,ok,
test,12300230.raw,../io/pl_512_split/test/12300230.raw,ok,
test,12300231.raw,../io/pl_512_split/test/12300231.raw,ok,
test,12300232.raw,../io/pl_512_split/test/12300232.raw,ok,
test,12300234.raw,../io/pl_512_split/test/12300234.raw,ok,
test,12300235.raw,../io/pl_512_split/test/12300235.raw,ok,
test,12300236.raw,../io/pl_512_split/test/12300236.raw,ok,
test,12300237.raw,../io/pl_512_split/test/12300237.raw,ok,
test,12300238.raw,../io/pl_512_split/test/12300238.raw,ok,
test,12300239.raw,../io/pl_512_split/test/12300239.raw,ok,
test,12300240.raw,../io/pl_512_split/test/12300240.raw,ok,
test,12300241.raw,../io/pl_512_split/test/12300241.raw,ok,
test,12300242.raw,../io/pl_512_split/test/12300242.raw,ok,
test,12300243.raw,../io/pl_512_split/test/12300243.raw,ok,
test,12300244.raw,../io/pl_512_split/test/12300244.raw,ok,
test,12300245.raw,../io/pl_512_split/test/12300245.raw,ok,
test,12300246.raw,../io/pl_512_split/test/12300246.raw,ok,
test,12300247.raw,../io/pl_512_split/test/12300247.raw,ok,
test,12300248.raw,../io/pl_512_split/test/12300248.raw,ok,
test,13000198.raw,../io/pl_512_split/test/13000198.raw,ok,
test,13000199.raw,../io/pl_512_split/test/13000199.raw,ok,
test,13000200.raw,../io/pl_512_split/test/13000200.raw,ok,
test,13000201.raw,../io/pl_512_split/test/13000201.raw,ok,
test,13000202.raw,../io/pl_512_split/test/13000202.raw,ok,
test,13000203.raw,../io/pl_512_split/test/13000203.raw,ok,
test,13000204.raw,../io/pl_512_split/test/13000204.raw,ok,
test,13000205.raw,../io/pl_512_split/test/13000205.raw,ok,
test,13000206.raw,../io/pl_512_split/test/13000206.raw,ok,
test,13000207.raw,../io/pl_512_split/test/13000207.raw,ok,
test,13000208.raw,../io/pl_512_split/test/13000208.raw,ok,
test,13000209.raw,../io/pl_512_split/test/13000209.raw,ok,
test,13000210.raw,../io/pl_512_split/test/13000210.raw,ok,
test,13000211.raw,../io/pl_512_split/test/13000211.raw,ok,
test,13000212.raw,../io/pl_512_split/test/13000212.raw,ok,
test,13000213.raw,../io/pl_512_split/test/13000213.raw,ok,
test,13000214.raw,../io/pl_512_split/test/13000214.raw,ok,
test,13000215.raw,../io/pl_512_split/test/13000215.raw,ok,
test,20085291.raw,../io/pl_512_split/test/20085291.raw,ok,
test,20085292.raw,../io/pl_512_split/test/20085292.raw,ok,
test,20085293.raw,../io/pl_512_split/test/20085293.raw,ok,
test,20085294.raw,../io/pl_512_split/test/20085294.raw,ok,
test,20085295.raw,../io/pl_512_split/test/20085295.raw,ok,
test,20085296.raw,../io/pl_512_split/test/20085296.raw,ok,
test,20085297.raw,../io/pl_512_split/test/20085297.raw,ok,
test,20085298.raw,../io/pl_512_split/test/20085298.raw,ok,
test,20085299.raw,../io/pl_512_split/test/20085299.raw,ok,
test,20085300.raw,../io/pl_512_split/test/20085300.raw,ok,
test,20085301.raw,../io/pl_512_split/test/20085301.raw,ok,
test,20085302.raw,../io/pl_512_split/test/20085302.raw,ok,
test,20085303.raw,../io/pl_512_split/test/20085303.raw,ok,
test,20085304.raw,../io/pl_512_split/test/20085304.raw,ok,
test,20085305.raw,../io/pl_512_split/test/20085305.raw,ok,
test,20085306.raw,../io/pl_512_split/test/20085306.raw,ok,
test,20085307.raw,../io/pl_512_split/test/20085307.raw,ok,
test,20085308.raw,../io/pl_512_split/test/20085308.raw,ok,
test,20085309.raw,../io/pl_512_split/test/20085309.raw,ok,
test,20085310.raw,../io/pl_512_split/test/20085310.raw,ok,
test,20085311.raw,../io/pl_512_split/test/20085311.raw,ok,
test,20085312.raw,../io/pl_512_split/test/20085312.raw,ok,
test,20085313.raw,../io/pl_512_split/test/20085313.raw,ok,
test,20085314.raw,../io/pl_512_split/test/20085314.raw,ok,
test,20085315.raw,../io/pl_512_split/test/20085315.raw,ok,
test,20085316.raw,../io/pl_512_split/test/20085316.raw,ok,
test,20085317.raw,../io/pl_512_split/test/20085317.raw,ok,
test,20085318.raw,../io/pl_512_split/test/20085318.raw,ok,
test,20085319.raw,../io/pl_512_split/test/20085319.raw,ok,
test,20085320.raw,../io/pl_512_split/test/20085320.raw,ok,
test,20085321.raw,../io/pl_512_split/test/20085321.raw,ok,
test,20085322.raw,../io/pl_512_split/test/20085322.raw,ok,
test,20085323.raw,../io/pl_512_split/test/20085323.raw,ok,
test,20085324.raw,../io/pl_512_split/test/20085324.raw,ok,
test,44000011.raw,../io/pl_512_split/test/44000011.raw,ok,
test,44000012.raw,../io/pl_512_split/test/44000012.raw,ok,
test,44000013.raw,../io/pl_512_split/test/44000013.raw,ok,
test,44000014.raw,../io/pl_512_split/test/44000014.raw,ok,
test,44000015.raw,../io/pl_512_split/test/44000015.raw,ok,
test,44000016.raw,../io/pl_512_split/test/44000016.raw,ok,
test,44000017.raw,../io/pl_512_split/test/44000017.raw,ok,
test,44000018.raw,../io/pl_512_split/test/44000018.raw,ok,
test,44000019.raw,../io/pl_512_split/test/44000019.raw,ok,
test,44000020.raw,../io/pl_512_split/test/44000020.raw,ok,
test,44000021.raw,../io/pl_512_split/test/44000021.raw,ok,
test,44000022.raw,../io/pl_512_split/test/44000022.raw,ok,
test,44000023.raw,../io/pl_512_split/test/44000023.raw,ok,
test,44000024.raw,../io/pl_512_split/test/44000024.raw,ok,
test,44000025.raw,../io/pl_512_split/test/44000025.raw,ok,
test,44000026.raw,../io/pl_512_split/test/44000026.raw,ok,
test,44000027.raw,../io/pl_512_split/test/44000027.raw,ok,
test,44000028.raw,../io/pl_512_split/test/44000028.raw,ok,
test,44000029.raw,../io/pl_512_split/test/44000029.raw,ok,
test,44000030.raw,../io/pl_512_split/test/44000030.raw,ok,
test,44000031.raw,../io/pl_512_split/test/44000031.raw,ok,
test,44000032.raw,../io/pl_512_split/test/44000032.raw,ok,
test,44000033.raw,../io/pl_512_split/test/44000033.raw,ok,
test,44000034.raw,../io/pl_512_split/test/44000034.raw,ok,
test,44000036.raw,../io/pl_512_split/test/44000036.raw,ok,
test,44000037.raw,../io/pl_512_split/test/44000037.raw,ok,
test,44000038.raw,../io/pl_512_split/test/44000038.raw,ok,
test,44000039.raw,../io/pl_512_split/test/44000039.raw,ok,
test,44000040.raw,../io/pl_512_split/test/44000040.raw,ok,
test,44000041.raw,../io/pl_512_split/test/44000041.raw,ok,
test,44000042.raw,../io/pl_512_split/test/44000042.raw,ok,
test,44000043.raw,../io/pl_512_split/test/44000043.raw,ok,
test,44000044.raw,../io/pl_512_split/test/44000044.raw,ok,
test,44000045.raw,../io/pl_512_split/test/44000045.raw,ok,
test,44000046.raw,../io/pl_512_split/test/44000046.raw,ok,
test,44000047.raw,../io/pl_512_split/test/44000047.raw,ok,
test,44000048.raw,../io/pl_512_split/test/44000048.raw,ok,
test,44000049.raw,../io/pl_512_split/test/44000049.raw,ok,
test,44000050.raw,../io/pl_512_split/test/44000050.raw,ok,
test,44000051.raw,../io/pl_512_split/test/44000051.raw,ok,
test,44000052.raw,../io/pl_512_split/test/44000052.raw,ok,
test,44000053.raw,../io/pl_512_split/test/44000053.raw,ok,
test,44000054.raw,../io/pl_512_split/test/44000054.raw,ok,
test,44000055.raw,../io/pl_512_split/test/44000055.raw,ok,
test,44000056.raw,../io/pl_512_split/test/44000056.raw,ok,
test,44000057.raw,../io/pl_512_split/test/44000057.raw,ok,
test,44000058.raw,../io/pl_512_split/test/44000058.raw,ok,
test,44000059.raw,../io/pl_512_split/test/44000059.raw,ok,
test,44000060.raw,../io/pl_512_split/test/44000060.raw,ok,
test,44000061.raw,../io/pl_512_split/test/44000061.raw,ok,
test,50600050.raw,../io/pl_512_split/test/50600050.raw,ok,
test,50600051.raw,../io/pl_512_split/test/50600051.raw,ok,
test,50600052.raw,../io/pl_512_split/test/50600052.raw,ok,
test,50600053.raw,../io/pl_512_split/test/50600053.raw,ok,
test,50600054.raw,../io/pl_512_split/test/50600054.raw,ok,
test,50600055.raw,../io/pl_512_split/test/50600055.raw,ok,
test,50600056.raw,../io/pl_512_split/test/50600056.raw,ok,
test,50600057.raw,../io/pl_512_split/test/50600057.raw,ok,
test,50600058.raw,../io/pl_512_split/test/50600058.raw,ok,
test,50600059.raw,../io/pl_512_split/test/50600059.raw,ok,
test,50600060.raw,../io/pl_512_split/test/50600060.raw,ok,
test,50600061.raw,../io/pl_512_split/test/50600061.raw,ok,
test,50600062.raw,../io/pl_512_split/test/50600062.raw,ok,
test,50600063.raw,../io/pl_512_split/test/50600063.raw,ok,
test,50600064.raw,../io/pl_512_split/test/50600064.raw,ok,
test,50600065.raw,../io/pl_512_split/test/50600065.raw,ok,
test,50600066.raw,../io/pl_512_split/test/50600066.raw,ok,
test,50600067.raw,../io/pl_512_split/test/50600067.raw,ok,
test,50600068.raw,../io/pl_512_split/test/50600068.raw,ok,
test,50600069.raw,../io/pl_512_split/test/50600069.raw,ok,
test,50600070.raw,../io/pl_512_split/test/50600070.raw,ok,
test,50600071.raw,../io/pl_512_split/test/50600071.raw,ok,
test,50600072.raw,../io/pl_512_split/test/50600072.raw,ok,
test,50600073.raw,../io/pl_512_split/test/50600073.raw,ok,
test,50600074.raw,../io/pl_512_split/test/50600074.raw,ok,
test,50600075.raw,../io/pl_512_split/test/50600075.raw,ok,
test,50600076.raw,../io/pl_512_split/test/50600076.raw,ok,
test,50600077.raw,../io/pl_512_split/test/50600077.raw,ok,
test,50600078.raw,../io/pl_512_split/test/50600078.raw,ok,
test,77000100.raw,../io/pl_512_split/test/77000100.raw,ok,
test,77000101.raw,../io/pl_512_split/test/77000101.raw,ok,
test,77000102.raw,../io/pl_512_split/test/77000102.raw,ok,
test,77000103.raw,../io/pl_512_split/test/77000103.raw,ok,
test,77000104.raw,../io/pl_512_split/test/77000104.raw,ok,
test,77000105.raw,../io/pl_512_split/test/77000105.raw,ok,
test,77000106.raw,../io/pl_512_split/test/77000106.raw,ok,
test,90100000.raw,../io/pl_512_split/test/90100000.raw,ok,
test,90100001.raw,../io/pl_512_split/test/90100001.raw,ok,
test,90100002.raw,../io/pl_512_split/test/90100002.raw,ok,
test,90100003.raw,../io/pl_512_split/test/90100003.raw,ok,
test,90100004.raw,../io/pl_512_split/test/90100004.raw,ok,
test,90100005.raw,../io/pl_512_split/test/90100005.raw,ok,
test,90100006.raw,../io/pl_512_split/test/90100006.raw,ok,
test,90100008.raw,../io/pl_512_split/test/90100008.raw,ok,
test,90100009.raw,../io/pl_512_split/test/90100009.raw,ok,
test,90100010.raw,../io/pl_512_split/test/90100010.raw,ok,
test,90100011.raw,../io/pl_512_split/test/90100011.raw,ok,
test,90100012.raw,../io/pl_512_split/test/90100012.raw,ok,
test,90100013.raw,../io/pl_512_split/test/90100013.raw,ok,
test,90100014.raw,../io/pl_512_split/test/90100014.raw,ok,
test,90100016.raw,../io/pl_512_split/test/90100016.raw,ok,
test,90100017.raw,../io/pl_512_split/test/90100017.raw,ok,
test,90100018.raw,../io/pl_512_split/test/90100018.raw,ok,
test,90100019.raw,../io/pl_512_split/test/90100019.raw,ok,
test,90100020.raw,../io/pl_512_split/test/90100020.raw,ok,
test,90100021.raw,../io/pl_512_split/test/90100021.raw,ok,
test,90100022.raw,../io/pl_512_split/test/90100022.raw,ok,
test,90100024.raw,../io/pl_512_split/test/90100024.raw,ok,
test,90100025.raw,../io/pl_512_split/test/90100025.raw,ok,
test,90100026.raw,../io/pl_512_split/test/90100026.raw,ok,
test,90100027.raw,../io/pl_512_split/test/90100027.raw,ok,
test,90100028.raw,../io/pl_512_split/test/90100028.raw,ok,
test,90100029.raw,../io/pl_512_split/test/90100029.raw,ok,
test,90100030.raw,../io/pl_512_split/test/90100030.raw,ok,
test,90100032.raw,../io/pl_512_split/test/90100032.raw,ok,
test,90100033.raw,../io/pl_512_split/test/90100033.raw,ok,
test,90100035.raw,../io/pl_512_split/test/90100035.raw,ok,
test,90100036.raw,../io/pl_512_split/test/90100036.raw,ok,
test,90100037.raw,../io/pl_512_split/test/90100037.raw,ok,
test,90100038.raw,../io/pl_512_split/test/90100038.raw,ok,
test,90100040.raw,../io/pl_512_split/test/90100040.raw,ok,
test,90100041.raw,../io/pl_512_split/test/90100041.raw,ok,
test,90100042.raw,../io/pl_512_split/test/90100042.raw,ok,
test,90100043.raw,../io/pl_512_split/test/90100043.raw,ok,
test,90100044.raw,../io/pl_512_split/test/90100044.raw,ok,
test,90100045.raw,../io/pl_512_split/test/90100045.raw,ok,
test,90100046.raw,../io/pl_512_split/test/90100046.raw,ok,
test,90100048.raw,../io/pl_512_split/test/90100048.raw,ok,
test,90100049.raw,../io/pl_512_split/test/90100049.raw,ok,
test,90100050.raw,../io/pl_512_split/test/90100050.raw,ok,
test,90100051.raw,../io/pl_512_split/test/90100051.raw,ok,
test,90100052.raw,../io/pl_512_split/test/90100052.raw,ok,
test,90100053.raw,../io/pl_512_split/test/90100053.raw,ok,
test,90100054.raw,../io/pl_512_split/test/90100054.raw,ok,
test,90100056.raw,../io/pl_512_split/test/90100056.raw,ok,
test,90100057.raw,../io/pl_512_split/test/90100057.raw,ok,
test,90100058.raw,../io/pl_512_split/test/90100058.raw,ok,
test,90100059.raw,../io/pl_512_split/test/90100059.raw,ok,
test,90100060.raw,../io/pl_512_split/test/90100060.raw,ok,
test,90100061.raw,../io/pl_512_split/test/90100061.raw,ok,
test,90100062.raw,../io/pl_512_split/test/90100062.raw,ok,
test,90100064.raw,../io/pl_512_split/test/90100064.raw,ok,
test,90100065.raw,../io/pl_512_split/test/90100065.raw,ok,
test,90100066.raw,../io/pl_512_split/test/90100066.raw,ok,
test,90100067.raw,../io/pl_512_split/test/90100067.raw,ok,
test,90100068.raw,../io/pl_512_split/test/90100068.raw,ok,
test,90100069.raw,../io/pl_512_split/test/90100069.raw,ok,
test,90100070.raw,../io/pl_512_split/test/90100070.raw,ok,
test,90100072.raw,../io/pl_512_split/test/90100072.raw,ok,
test,90100073.raw,../io/pl_512_split/test/90100073.raw,ok,
test,90100074.raw,../io/pl_512_split/test/90100074.raw,ok,
test,90100075.raw,../io/pl_512_split/test/90100075.raw,ok,
test,90100076.raw,../io/pl_512_split/test/90100076.raw,ok,
test,90100077.raw,../io/pl_512_split/test/90100077.raw,ok,
test,90100078.raw,../io/pl_512_split/test/90100078.raw,ok,
test,90100081.raw,../io/pl_512_split/test/90100081.raw,ok,
test,90100082.raw,../io/pl_512_split/test/90100082.raw,ok,
test,90100083.raw,../io/pl_512_split/test/90100083.raw,ok,
test,90100084.raw,../io/pl_512_split/test/90100084.raw,ok,
test,90100086.raw,../io/pl_512_split/test/90100086.raw,ok,
test,92000111.raw,../io/pl_512_split/test/92000111.raw,ok,
test,92000112.raw,../io/pl_512_split/test/92000112.raw,ok,
test,92000113.raw,../io/pl_512_split/test/92000113.raw,ok,
test,92000114.raw,../io/pl_512_split/test/92000114.raw,ok,
test,92000115.raw,../io/pl_512_split/test/92000115.raw,ok,
test,92000116.raw,../io/pl_512_split/test/92000116.raw,ok,
test,92000117.raw,../io/pl_512_split/test/92000117.raw,ok,
test,92000118.raw,../io/pl_512_split/test/92000118.raw,ok,
test,92000119.raw,../io/pl_512_split/test/92000119.raw,ok,
